beach_id,beach_name,latitude,longitude,sunrise,sunset,weather_description,temperature,water_temperature,cloud_cover,wind_speed,wave_height
1,Pelican State Beach,41.992395,-124.209664,7:09:00,16:55:00,Clear,49,48,0,6,4.9
1,Pelican State Beach,41.992395,-124.209664,7:06:00,16:57:00,Clear,46,51,0,10,9.2
1,Pelican State Beach,41.992395,-124.209664,7:52:00,18:09:00,Light rain shower,48,52,100,4,10.5
1,Pelican State Beach,41.992395,-124.209664,7:04:00,16:58:00,Light rain shower,48,51,98,9,6.6
1,Pelican State Beach,41.992395,-124.209664,7:05:00,16:58:00,Partly cloudy,45,48,3,5,6.6
2,Crescent Beach,41.72836258,-124.1531784,7:51:00,18:10:00,Light rain shower,46,51,100,6,7.9
2,Crescent Beach,41.72836258,-124.1531784,7:03:00,16:59:00,Patchy rain possible,46,51,98,10,5.6
2,Crescent Beach,41.72836258,-124.1531784,7:08:00,16:55:00,Clear,47,51,0,4,3.9
2,Crescent Beach,41.72836258,-124.1531784,7:04:00,16:58:00,Clear,42,51,0,5,5.6
2,Crescent Beach,41.72836258,-124.1531784,7:05:00,16:57:00,Clear,44,51,0,9,7.2
3,Sue-meg State Park,41.13665293,-124.155297,7:49:00,18:11:00,Patchy rain possible,47,52,86,7,9.5
3,Sue-meg State Park,41.13665293,-124.155297,7:01:00,17:00:00,Cloudy,46,51,73,4,5.6
3,Sue-meg State Park,41.13665293,-124.155297,7:06:00,16:57:00,Clear,48,47,0,6,4.6
3,Sue-meg State Park,41.13665293,-124.155297,7:02:00,16:59:00,Clear,43,51,0,7,6.9
3,Sue-meg State Park,41.13665293,-124.155297,7:03:00,16:58:00,Clear,46,51,0,8,8.5
4,Trinidad State Beach,41.06582175,-124.1497893,7:49:00,18:11:00,Patchy rain possible,47,52,86,7,9.5
4,Trinidad State Beach,41.06582175,-124.1497893,7:01:00,17:00:00,Cloudy,46,51,73,4,5.6
4,Trinidad State Beach,41.06582175,-124.1497893,7:06:00,16:57:00,Clear,48,47,0,6,4.6
4,Trinidad State Beach,41.06582175,-124.1497893,7:02:00,16:59:00,Clear,43,51,0,7,6.9
4,Trinidad State Beach,41.06582175,-124.1497893,7:03:00,16:58:00,Clear,46,51,0,8,8.5
5,Little River State Beach,41.01688007,-124.1117529,7:49:00,18:11:00,Patchy rain possible,47,52,86,7,9.5
5,Little River State Beach,41.01688007,-124.1117529,7:01:00,17:00:00,Cloudy,46,51,73,4,5.6
5,Little River State Beach,41.01688007,-124.1117529,7:06:00,16:57:00,Clear,48,47,0,6,4.6
5,Little River State Beach,41.01688007,-124.1117529,7:02:00,16:59:00,Clear,43,51,0,7,6.9
5,Little River State Beach,41.01688007,-124.1117529,7:03:00,16:58:00,Clear,46,51,0,8,8.5
6,Clam Beach County Park,40.99847401,-124.1151808,7:49:00,18:11:00,Patchy rain possible,47,52,86,7,9.5
6,Clam Beach County Park,40.99847401,-124.1151808,7:01:00,17:00:00,Cloudy,46,51,73,4,5.6
6,Clam Beach County Park,40.99847401,-124.1151808,7:06:00,16:57:00,Clear,48,47,0,6,4.6
6,Clam Beach County Park,40.99847401,-124.1151808,7:02:00,16:59:00,Clear,43,51,0,7,6.9
6,Clam Beach County Park,40.99847401,-124.1151808,7:03:00,16:58:00,Clear,46,51,0,8,8.5
7,Clam Beach,40.99536694,-124.1109588,7:49:00,18:11:00,Patchy rain possible,47,52,86,7,9.5
7,Clam Beach,40.99536694,-124.1109588,7:01:00,17:00:00,Cloudy,46,51,73,4,5.6
7,Clam Beach,40.99536694,-124.1109588,7:06:00,16:57:00,Clear,48,47,0,6,4.6
7,Clam Beach,40.99536694,-124.1109588,7:02:00,16:59:00,Clear,43,51,0,7,6.9
7,Clam Beach,40.99536694,-124.1109588,7:03:00,16:58:00,Clear,46,51,0,8,8.5
8,Sinkyone Wilderness State Park,39.92043479,-123.9397125,7:47:00,18:12:00,Patchy rain possible,49,53,84,8,8.2
8,Sinkyone Wilderness State Park,39.92043479,-123.9397125,6:58:00,17:02:00,Partly cloudy,48,53,25,2,4.3
8,Sinkyone Wilderness State Park,39.92043479,-123.9397125,7:03:00,16:59:00,Clear,52,50,0,5,4.6
8,Sinkyone Wilderness State Park,39.92043479,-123.9397125,6:59:00,17:01:00,Clear,47,54,0,7,6.2
8,Sinkyone Wilderness State Park,39.92043479,-123.9397125,7:01:00,17:01:00,Partly cloudy,49,54,4,7,7.2
9,Westport-Union Landing State Beach,39.67716307,-123.7912683,7:45:00,18:12:00,Partly cloudy,46,52,40,5,6.9
9,Westport-Union Landing State Beach,39.67716307,-123.7912683,6:56:00,17:02:00,Partly cloudy,45,52,8,2,3
9,Westport-Union Landing State Beach,39.67716307,-123.7912683,7:01:00,16:59:00,Clear,49,53,0,4,3.6
9,Westport-Union Landing State Beach,39.67716307,-123.7912683,6:57:00,17:01:00,Clear,43,53,0,5,5.2
9,Westport-Union Landing State Beach,39.67716307,-123.7912683,6:59:00,17:00:00,Clear,46,53,0,6,5.6
10,MacKerricher Beach,39.489781,-123.798271,7:45:00,18:12:00,Partly cloudy,47,52,26,6,7.9
10,MacKerricher Beach,39.489781,-123.798271,6:56:00,17:03:00,Partly cloudy,46,52,7,3,3
10,MacKerricher Beach,39.489781,-123.798271,7:01:00,16:59:00,Clear,49,53,0,4,4.3
10,MacKerricher Beach,39.489781,-123.798271,6:57:00,17:02:00,Clear,44,53,0,6,6.2
10,MacKerricher Beach,39.489781,-123.798271,6:58:00,17:01:00,Clear,46,53,0,4,6.6
11,Glass Beach,39.45277476,-123.8133215,7:45:00,18:12:00,Partly cloudy,47,52,26,6,7.9
11,Glass Beach,39.45277476,-123.8133215,6:56:00,17:03:00,Partly cloudy,46,52,7,3,3
11,Glass Beach,39.45277476,-123.8133215,7:01:00,16:59:00,Clear,49,53,0,4,4.3
11,Glass Beach,39.45277476,-123.8133215,6:57:00,17:02:00,Clear,44,53,0,6,6.2
11,Glass Beach,39.45277476,-123.8133215,6:58:00,17:01:00,Clear,46,53,0,4,6.6
12,Caspar Beach,39.3627382,-123.8172252,7:45:00,18:12:00,Partly cloudy,47,52,26,6,7.9
12,Caspar Beach,39.3627382,-123.8172252,6:56:00,17:03:00,Partly cloudy,46,52,7,3,3
12,Caspar Beach,39.3627382,-123.8172252,7:00:00,17:00:00,Clear,49,53,0,4,4.3
12,Caspar Beach,39.3627382,-123.8172252,6:57:00,17:02:00,Clear,44,53,0,6,6.2
12,Caspar Beach,39.3627382,-123.8172252,6:58:00,17:01:00,Clear,46,53,0,4,6.6
13,Mendocino Headlands State Park,39.30903300,-123.806658,7:45:00,18:12:00,Partly cloudy,47,52,26,6,7.9
13,Mendocino Headlands State Park,39.30903300,-123.806658,6:56:00,17:03:00,Partly cloudy,46,52,7,3,3
13,Mendocino Headlands State Park,39.30903300,-123.806658,7:00:00,17:00:00,Clear,49,53,0,4,4.3
13,Mendocino Headlands State Park,39.30903300,-123.806658,6:57:00,17:02:00,Clear,44,53,0,6,6.2
13,Mendocino Headlands State Park,39.30903300,-123.806658,6:58:00,17:01:00,Clear,46,53,0,4,6.6
14,Manchester State Park,38.98385949,-123.6993187,7:44:00,18:13:00,Partly cloudy,48,49,33,4,8.2
14,Manchester State Park,38.98385949,-123.6993187,6:55:00,17:03:00,Partly cloudy,48,53,9,4,2.6
14,Manchester State Park,38.98385949,-123.6993187,6:59:00,17:00:00,Clear,51,49,0,5,4.3
14,Manchester State Park,38.98385949,-123.6993187,6:56:00,17:02:00,Clear,47,53,0,6,6.2
14,Manchester State Park,38.98385949,-123.6993187,6:57:00,17:02:00,Partly cloudy,48,53,2,8,6.6
15,Schooner Gulch State Beach,38.86821949,-123.6547063,7:44:00,18:13:00,Patchy rain possible,48,49,80,4,8.2
15,Schooner Gulch State Beach,38.86821949,-123.6547063,6:54:00,17:03:00,Partly cloudy,48,53,9,4,2.6
15,Schooner Gulch State Beach,38.86821949,-123.6547063,6:59:00,17:00:00,Clear,51,49,0,5,4.3
15,Schooner Gulch State Beach,38.86821949,-123.6547063,6:56:00,17:02:00,Clear,47,53,0,6,6.2
15,Schooner Gulch State Beach,38.86821949,-123.6547063,6:57:00,17:02:00,Partly cloudy,48,53,2,8,6.6
16,Gualala Point Regional Park,38.76076189,-123.526723,7:44:00,18:13:00,Patchy rain possible,48,49,80,4,8.2
16,Gualala Point Regional Park,38.76076189,-123.526723,6:54:00,17:03:00,Partly cloudy,48,53,9,4,2.6
16,Gualala Point Regional Park,38.76076189,-123.526723,6:59:00,17:00:00,Clear,51,49,0,5,4.3
16,Gualala Point Regional Park,38.76076189,-123.526723,6:56:00,17:02:00,Clear,47,53,0,6,6.2
16,Gualala Point Regional Park,38.76076189,-123.526723,6:57:00,17:02:00,Partly cloudy,48,53,2,8,6.6
17,Black Point Beach,38.686409,-123.432347,7:42:00,18:12:00,Partly cloudy,48,51,16,0,7.5
17,Black Point Beach,38.686409,-123.432347,6:52:00,17:03:00,Clear,47,52,0,2,2
17,Black Point Beach,38.686409,-123.432347,6:57:00,16:59:00,Clear,51,49,0,4,4.3
17,Black Point Beach,38.686409,-123.432347,6:53:00,17:02:00,Clear,46,53,0,4,5.2
17,Black Point Beach,38.686409,-123.432347,6:54:00,17:01:00,Clear,47,53,0,7,6.2
18,Goat Rock Beach,38.44711794,-123.1265214,7:40:00,18:11:00,Partly cloudy,49,52,13,2,4.9
18,Goat Rock Beach,38.44711794,-123.1265214,6:51:00,17:02:00,Clear,48,49,0,2,1.6
18,Goat Rock Beach,38.44711794,-123.1265214,6:55:00,16:59:00,Clear,51,49,0,3,3.3
18,Goat Rock Beach,38.44711794,-123.1265214,6:52:00,17:01:00,Clear,47,53,0,2,3.6
18,Goat Rock Beach,38.44711794,-123.1265214,6:53:00,17:00:00,Clear,46,53,0,4,4.6
19,Blind Beach,38.43699972,-123.1223772,7:40:00,18:11:00,Partly cloudy,49,52,13,2,4.9
19,Blind Beach,38.43699972,-123.1223772,6:51:00,17:02:00,Clear,48,49,0,2,1.6
19,Blind Beach,38.43699972,-123.1223772,6:55:00,16:59:00,Clear,51,49,0,3,3.3
19,Blind Beach,38.43699972,-123.1223772,6:52:00,17:01:00,Clear,47,53,0,2,3.6
19,Blind Beach,38.43699972,-123.1223772,6:53:00,17:00:00,Clear,46,53,0,4,4.6
20,Shell Beach,38.417464,-123.105601,7:41:00,18:12:00,Partly cloudy,46,52,19,1,4.9
20,Shell Beach,38.417464,-123.105601,6:52:00,17:02:00,Clear,44,53,0,2,1.6
20,Shell Beach,38.417464,-123.105601,6:56:00,16:59:00,Clear,49,49,0,3,3.3
20,Shell Beach,38.417464,-123.105601,6:53:00,17:01:00,Clear,44,53,0,2,3.6
20,Shell Beach,38.417464,-123.105601,6:54:00,17:01:00,Clear,44,53,0,4,4.6
21,Wrights Beach,38.40033248,-123.0969266,7:40:00,18:11:00,Partly cloudy,49,52,13,2,4.9
21,Wrights Beach,38.40033248,-123.0969266,6:51:00,17:02:00,Clear,48,49,0,2,1.6
21,Wrights Beach,38.40033248,-123.0969266,6:55:00,16:59:00,Clear,51,49,0,3,3.3
21,Wrights Beach,38.40033248,-123.0969266,6:52:00,17:01:00,Clear,47,53,0,2,3.6
21,Wrights Beach,38.40033248,-123.0969266,6:53:00,17:00:00,Clear,46,53,0,4,4.6
22,Gleason Beach,38.39010789,-123.0857298,7:40:00,18:11:00,Partly cloudy,49,52,13,2,4.9
22,Gleason Beach,38.39010789,-123.0857298,6:51:00,17:02:00,Clear,48,49,0,2,1.6
22,Gleason Beach,38.39010789,-123.0857298,6:55:00,16:59:00,Clear,51,49,0,3,3.3
22,Gleason Beach,38.39010789,-123.0857298,6:52:00,17:01:00,Clear,47,53,0,2,3.6
22,Gleason Beach,38.39010789,-123.0857298,6:53:00,17:00:00,Clear,46,53,0,4,4.6
23,Schoolhouse Beach,38.37626954,-123.0786946,7:40:00,18:11:00,Partly cloudy,49,52,13,2,4.9
23,Schoolhouse Beach,38.37626954,-123.0786946,6:51:00,17:02:00,Clear,48,49,0,2,1.6
23,Schoolhouse Beach,38.37626954,-123.0786946,6:55:00,16:59:00,Clear,51,49,0,3,3.3
23,Schoolhouse Beach,38.37626954,-123.0786946,6:52:00,17:01:00,Clear,47,53,0,2,3.6
23,Schoolhouse Beach,38.37626954,-123.0786946,6:53:00,17:00:00,Clear,46,53,0,4,4.6
24,Carmet Beach,38.37254912,-123.0762862,7:40:00,18:11:00,Partly cloudy,49,52,13,2,4.9
24,Carmet Beach,38.37254912,-123.0762862,6:51:00,17:02:00,Clear,48,49,0,2,1.6
24,Carmet Beach,38.37254912,-123.0762862,6:55:00,16:59:00,Clear,51,49,0,3,3.3
24,Carmet Beach,38.37254912,-123.0762862,6:52:00,17:01:00,Clear,47,53,0,2,3.6
24,Carmet Beach,38.37254912,-123.0762862,6:53:00,17:00:00,Clear,46,53,0,4,4.6
25,Arched Rock Beach,38.36725878,-123.0726081,7:40:00,18:11:00,Partly cloudy,49,52,13,2,4.9
25,Arched Rock Beach,38.36725878,-123.0726081,6:51:00,17:02:00,Clear,48,49,0,2,1.6
25,Arched Rock Beach,38.36725878,-123.0726081,6:55:00,16:59:00,Clear,51,49,0,3,3.3
25,Arched Rock Beach,38.36725878,-123.0726081,6:52:00,17:01:00,Clear,47,53,0,2,3.6
25,Arched Rock Beach,38.36725878,-123.0726081,6:53:00,17:00:00,Clear,46,53,0,4,4.6
26,Coleman Beach,38.36596694,-123.0714996,7:40:00,18:11:00,Partly cloudy,49,52,13,2,4.9
26,Coleman Beach,38.36596694,-123.0714996,6:51:00,17:02:00,Clear,48,49,0,2,1.6
26,Coleman Beach,38.36596694,-123.0714996,6:55:00,16:59:00,Clear,51,49,0,3,3.3
26,Coleman Beach,38.36596694,-123.0714996,6:52:00,17:01:00,Clear,47,53,0,2,3.6
26,Coleman Beach,38.36596694,-123.0714996,6:53:00,17:00:00,Clear,46,53,0,4,4.6
27,Miwok Beach,38.36111029,-123.0691915,7:40:00,18:11:00,Partly cloudy,49,52,13,2,4.9
27,Miwok Beach,38.36111029,-123.0691915,6:51:00,17:02:00,Clear,48,49,0,2,1.6
27,Miwok Beach,38.36111029,-123.0691915,6:55:00,16:59:00,Clear,51,49,0,3,3.3
27,Miwok Beach,38.36111029,-123.0691915,6:52:00,17:01:00,Clear,47,53,0,2,3.6
27,Miwok Beach,38.36111029,-123.0691915,6:53:00,17:00:00,Clear,46,53,0,4,4.6
28,North Salmon Creek Beach,38.35991175,-123.0687585,7:40:00,18:11:00,Partly cloudy,49,52,13,2,4.9
28,North Salmon Creek Beach,38.35991175,-123.0687585,6:51:00,17:02:00,Clear,48,49,0,2,1.6
28,North Salmon Creek Beach,38.35991175,-123.0687585,6:55:00,16:59:00,Clear,51,49,0,3,3.3
28,North Salmon Creek Beach,38.35991175,-123.0687585,6:52:00,17:01:00,Clear,47,53,0,2,3.6
28,North Salmon Creek Beach,38.35991175,-123.0687585,6:53:00,17:00:00,Clear,46,53,0,4,4.6
29,South Salmon Creek Beach,38.33989879,-123.0684011,7:40:00,18:11:00,Partly cloudy,49,52,13,2,4.9
29,South Salmon Creek Beach,38.33989879,-123.0684011,6:51:00,17:02:00,Clear,48,49,0,2,1.6
29,South Salmon Creek Beach,38.33989879,-123.0684011,6:55:00,16:59:00,Clear,51,49,0,3,3.3
29,South Salmon Creek Beach,38.33989879,-123.0684011,6:52:00,17:01:00,Clear,47,53,0,2,3.6
29,South Salmon Creek Beach,38.33989879,-123.0684011,6:53:00,17:00:00,Clear,46,53,0,4,4.6
30,Doran Beach,38.31450636,-123.0443867,7:40:00,18:11:00,Partly cloudy,51,49,12,4,5.9
30,Doran Beach,38.31450636,-123.0443867,6:50:00,17:02:00,Clear,49,50,0,6,1.6
30,Doran Beach,38.31450636,-123.0443867,6:55:00,16:59:00,Clear,50,50,0,5,3.6
30,Doran Beach,38.31450636,-123.0443867,6:52:00,17:01:00,Clear,46,53,0,3,3.9
30,Doran Beach,38.31450636,-123.0443867,6:53:00,17:00:00,Clear,46,53,0,5,4.9
31,Dillon beach,38.25058272,-122.9669146,7:40:00,18:11:00,Partly cloudy,51,49,12,4,5.9
31,Dillon beach,38.25058272,-122.9669146,6:50:00,17:02:00,Clear,49,50,0,6,1.6
31,Dillon beach,38.25058272,-122.9669146,6:54:00,16:59:00,Clear,50,50,0,5,3.6
31,Dillon beach,38.25058272,-122.9669146,6:51:00,17:01:00,Clear,46,53,0,3,3.9
31,Dillon beach,38.25058272,-122.9669146,6:52:00,17:00:00,Clear,46,53,0,5,4.9
32,Point Reyes Beach,38.082153,-122.972819,7:39:00,18:11:00,Partly cloudy,53,50,12,9,6.9
32,Point Reyes Beach,38.082153,-122.972819,6:49:00,17:02:00,Clear,52,50,0,6,2
32,Point Reyes Beach,38.082153,-122.972819,6:53:00,16:59:00,Clear,53,51,0,6,3.9
32,Point Reyes Beach,38.082153,-122.972819,6:50:00,17:01:00,Clear,50,50,0,5,4.6
32,Point Reyes Beach,38.082153,-122.972819,6:51:00,17:00:00,Clear,50,50,0,8,5.6
33,Stinson Beach Park,37.89914093,-122.6457161,7:38:00,18:10:00,Partly cloudy,53,51,13,9,3.9
33,Stinson Beach Park,37.89914093,-122.6457161,6:48:00,17:01:00,Clear,52,51,0,11,1.3
33,Stinson Beach Park,37.89914093,-122.6457161,6:52:00,16:58:00,Clear,53,52,0,9,2.3
33,Stinson Beach Park,37.89914093,-122.6457161,6:49:00,17:00:00,Clear,50,55,0,8,2.3
33,Stinson Beach Park,37.89914093,-122.6457161,6:50:00,17:00:00,Clear,50,55,0,7,3.3
34,Muir Beach,37.859424,-122.576835,7:37:00,18:10:00,Patchy rain possible,53,51,85,9,3.9
34,Muir Beach,37.859424,-122.576835,6:48:00,17:01:00,Clear,52,51,0,11,1.3
34,Muir Beach,37.859424,-122.576835,6:52:00,16:58:00,Clear,53,52,0,9,2.3
34,Muir Beach,37.859424,-122.576835,6:49:00,17:00:00,Clear,50,55,0,8,2.3
34,Muir Beach,37.859424,-122.576835,6:50:00,17:00:00,Clear,50,55,0,7,3.3
35,Rodeo Beach,37.83175951,-122.5385814,7:37:00,18:10:00,Partly cloudy,53,51,13,9,3.9
35,Rodeo Beach,37.83175951,-122.5385814,6:47:00,17:01:00,Clear,52,51,0,11,1.3
35,Rodeo Beach,37.83175951,-122.5385814,6:52:00,16:58:00,Clear,53,52,0,9,2.3
35,Rodeo Beach,37.83175951,-122.5385814,6:48:00,17:00:00,Clear,50,55,0,8,2.3
35,Rodeo Beach,37.83175951,-122.5385814,6:49:00,16:59:00,Clear,50,55,0,7,3.3
36,Marshall's Beach,37.80212595,-122.4800495,7:37:00,18:10:00,Partly cloudy,53,51,13,9,3.9
36,Marshall's Beach,37.80212595,-122.4800495,6:47:00,17:01:00,Clear,52,51,0,11,1.3
36,Marshall's Beach,37.80212595,-122.4800495,6:51:00,16:58:00,Clear,53,52,0,9,2.3
36,Marshall's Beach,37.80212595,-122.4800495,6:48:00,17:00:00,Clear,50,55,0,8,2.3
36,Marshall's Beach,37.80212595,-122.4800495,6:49:00,16:59:00,Clear,50,55,0,7,3.3
37,Baker Beach,37.79389403,-122.4837904,7:37:00,18:10:00,Partly cloudy,53,51,13,9,3.9
37,Baker Beach,37.79389403,-122.4837904,6:47:00,17:01:00,Clear,52,51,0,11,1.3
37,Baker Beach,37.79389403,-122.4837904,6:51:00,16:58:00,Clear,53,52,0,9,2.3
37,Baker Beach,37.79389403,-122.4837904,6:48:00,17:00:00,Clear,50,55,0,8,2.3
37,Baker Beach,37.79389403,-122.4837904,6:49:00,16:59:00,Clear,50,55,0,7,3.3
38,Lands End Beach,37.78765857,-122.5061247,7:37:00,18:10:00,Patchy rain possible,53,51,81,9,3.9
38,Lands End Beach,37.78765857,-122.5061247,6:47:00,17:01:00,Clear,52,51,0,11,1.3
38,Lands End Beach,37.78765857,-122.5061247,6:52:00,16:58:00,Clear,53,52,0,9,2.3
38,Lands End Beach,37.78765857,-122.5061247,6:48:00,17:00:00,Clear,50,55,0,8,2.3
38,Lands End Beach,37.78765857,-122.5061247,6:49:00,16:59:00,Clear,50,55,0,7,3.3
39,Ocean Beach (SF),37.759369,-122.511772,7:37:00,18:10:00,Partly cloudy,53,51,13,9,3.9
39,Ocean Beach (SF),37.759369,-122.511772,6:47:00,17:01:00,Clear,52,51,0,11,1.3
39,Ocean Beach (SF),37.759369,-122.511772,6:52:00,16:58:00,Clear,53,52,0,9,2.3
39,Ocean Beach (SF),37.759369,-122.511772,6:48:00,17:00:00,Clear,50,55,0,8,2.3
39,Ocean Beach (SF),37.759369,-122.511772,6:49:00,16:59:00,Clear,50,55,0,7,3.3
40,Funston Beach,37.71968785,-122.5028803,7:37:00,18:10:00,Patchy rain possible,53,51,77,9,3.9
40,Funston Beach,37.71968785,-122.5028803,6:47:00,17:01:00,Clear,52,51,0,11,1.3
40,Funston Beach,37.71968785,-122.5028803,6:51:00,16:58:00,Clear,53,52,0,9,2.3
40,Funston Beach,37.71968785,-122.5028803,6:48:00,17:00:00,Clear,50,55,0,8,2.3
40,Funston Beach,37.71968785,-122.5028803,6:49:00,16:59:00,Clear,50,55,0,7,3.3
41,Thornton Beach State Park,37.69895078,-122.4966631,7:37:00,18:10:00,Patchy rain possible,53,51,77,9,3.9
41,Thornton Beach State Park,37.69895078,-122.4966631,6:47:00,17:01:00,Clear,52,51,0,11,1.3
41,Thornton Beach State Park,37.69895078,-122.4966631,6:51:00,16:58:00,Clear,53,52,0,9,2.3
41,Thornton Beach State Park,37.69895078,-122.4966631,6:48:00,17:00:00,Clear,50,55,0,8,2.3
41,Thornton Beach State Park,37.69895078,-122.4966631,6:49:00,16:59:00,Clear,50,55,0,7,3.3
42,Mussel Rock Park,37.66864578,-122.4949438,7:37:00,18:10:00,Patchy rain possible,53,51,77,9,3.9
42,Mussel Rock Park,37.66864578,-122.4949438,6:47:00,17:01:00,Clear,52,51,0,11,1.3
42,Mussel Rock Park,37.66864578,-122.4949438,6:51:00,16:58:00,Clear,53,52,0,9,2.3
42,Mussel Rock Park,37.66864578,-122.4949438,6:48:00,17:00:00,Clear,50,55,0,8,2.3
42,Mussel Rock Park,37.66864578,-122.4949438,6:49:00,16:59:00,Clear,50,55,0,7,3.3
43,Gray Whale Cove State Beach,37.56465031,-122.514044,7:36:00,18:10:00,Partly cloudy,52,55,20,6,5.9
43,Gray Whale Cove State Beach,37.56465031,-122.514044,6:46:00,17:01:00,Clear,52,51,0,8,1.6
43,Gray Whale Cove State Beach,37.56465031,-122.514044,6:51:00,16:58:00,Clear,53,51,0,6,3.6
43,Gray Whale Cove State Beach,37.56465031,-122.514044,6:48:00,17:01:00,Clear,50,55,0,7,3.9
43,Gray Whale Cove State Beach,37.56465031,-122.514044,6:49:00,17:00:00,Clear,49,55,0,7,4.6
44,Montara State Beach,37.54661402,-122.5149052,7:36:00,18:10:00,Partly cloudy,52,55,20,6,5.9
44,Montara State Beach,37.54661402,-122.5149052,6:46:00,17:01:00,Clear,52,51,0,8,1.6
44,Montara State Beach,37.54661402,-122.5149052,6:51:00,16:58:00,Clear,53,51,0,6,3.6
44,Montara State Beach,37.54661402,-122.5149052,6:48:00,17:01:00,Clear,50,55,0,7,3.9
44,Montara State Beach,37.54661402,-122.5149052,6:49:00,17:00:00,Clear,49,55,0,7,4.6
45,El Granada Beach,37.5005241,-122.4706817,7:36:00,18:10:00,Partly cloudy,52,55,20,6,5.9
45,El Granada Beach,37.5005241,-122.4706817,6:46:00,17:01:00,Clear,52,51,0,8,1.6
45,El Granada Beach,37.5005241,-122.4706817,6:51:00,16:58:00,Clear,53,51,0,6,3.6
45,El Granada Beach,37.5005241,-122.4706817,6:48:00,17:01:00,Clear,50,55,0,7,3.9
45,El Granada Beach,37.5005241,-122.4706817,6:49:00,17:00:00,Clear,49,55,0,7,4.6
46,Vallejo Beach,37.49660111,-122.4650877,7:36:00,18:10:00,Partly cloudy,52,55,20,6,5.9
46,Vallejo Beach,37.49660111,-122.4650877,6:46:00,17:01:00,Clear,52,51,0,8,1.6
46,Vallejo Beach,37.49660111,-122.4650877,6:51:00,16:58:00,Clear,53,51,0,6,3.6
46,Vallejo Beach,37.49660111,-122.4650877,6:48:00,17:01:00,Clear,50,55,0,7,3.9
46,Vallejo Beach,37.49660111,-122.4650877,6:49:00,17:00:00,Clear,49,55,0,7,4.6
47,Roosevelt Beach,37.48808914,-122.4566241,7:36:00,18:10:00,Partly cloudy,52,55,20,6,5.9
47,Roosevelt Beach,37.48808914,-122.4566241,6:46:00,17:01:00,Clear,52,51,0,8,1.6
47,Roosevelt Beach,37.48808914,-122.4566241,6:51:00,16:58:00,Clear,53,51,0,6,3.6
47,Roosevelt Beach,37.48808914,-122.4566241,6:48:00,17:01:00,Clear,50,55,0,7,3.9
47,Roosevelt Beach,37.48808914,-122.4566241,6:49:00,17:00:00,Clear,49,55,0,7,4.6
48,Dunes Beach,37.48509246,-122.4539204,7:36:00,18:10:00,Partly cloudy,52,55,20,6,5.9
48,Dunes Beach,37.48509246,-122.4539204,6:46:00,17:01:00,Clear,52,51,0,8,1.6
48,Dunes Beach,37.48509246,-122.4539204,6:51:00,16:58:00,Clear,53,51,0,6,3.6
48,Dunes Beach,37.48509246,-122.4539204,6:48:00,17:01:00,Clear,50,55,0,7,3.9
48,Dunes Beach,37.48509246,-122.4539204,6:49:00,17:00:00,Clear,49,55,0,7,4.6
49,Half Moon Bay State Beach,37.47766417,-122.4500385,7:36:00,18:10:00,Partly cloudy,52,55,20,6,5.9
49,Half Moon Bay State Beach,37.47766417,-122.4500385,6:46:00,17:01:00,Clear,52,51,0,8,1.6
49,Half Moon Bay State Beach,37.47766417,-122.4500385,6:51:00,16:58:00,Clear,53,51,0,6,3.6
49,Half Moon Bay State Beach,37.47766417,-122.4500385,6:48:00,17:01:00,Clear,50,55,0,7,3.9
49,Half Moon Bay State Beach,37.47766417,-122.4500385,6:49:00,17:00:00,Clear,49,55,0,7,4.6
50,Francis Beach,37.46564519,-122.4467106,7:36:00,18:10:00,Partly cloudy,52,55,20,6,5.9
50,Francis Beach,37.46564519,-122.4467106,6:46:00,17:01:00,Clear,52,51,0,8,1.6
50,Francis Beach,37.46564519,-122.4467106,6:51:00,16:58:00,Clear,53,51,0,6,3.6
50,Francis Beach,37.46564519,-122.4467106,6:48:00,17:01:00,Clear,50,55,0,7,3.9
50,Francis Beach,37.46564519,-122.4467106,6:49:00,17:00:00,Clear,49,55,0,7,4.6
51,Poplar Beach,37.45607296,-122.4447794,6:48:00,17:01:00,Clear,50,55,0,7,3.9
51,Poplar Beach,37.45607296,-122.4447794,6:49:00,17:00:00,Clear,49,55,0,7,4.6
52,Redondo State Beach,37.44070715,-122.4437066,7:36:00,18:10:00,Partly cloudy,52,55,20,6,5.9
52,Redondo State Beach,37.44070715,-122.4437066,6:46:00,17:01:00,Clear,52,51,0,8,1.6
52,Redondo State Beach,37.44070715,-122.4437066,6:51:00,16:58:00,Clear,53,51,0,6,3.6
52,Redondo State Beach,37.44070715,-122.4437066,6:48:00,17:01:00,Clear,50,55,0,7,3.9
52,Redondo State Beach,37.44070715,-122.4437066,6:49:00,17:00:00,Clear,49,55,0,7,4.6
53,Cowell Ranch Beach,37.42101853,-122.4351767,7:36:00,18:10:00,Partly cloudy,52,55,20,6,5.9
53,Cowell Ranch Beach,37.42101853,-122.4351767,6:46:00,17:01:00,Clear,52,51,0,8,1.6
53,Cowell Ranch Beach,37.42101853,-122.4351767,6:51:00,16:58:00,Clear,53,51,0,6,3.6
53,Cowell Ranch Beach,37.42101853,-122.4351767,6:48:00,17:01:00,Clear,50,55,0,7,3.9
53,Cowell Ranch Beach,37.42101853,-122.4351767,6:49:00,17:00:00,Clear,49,55,0,7,4.6
54,Martins Beach,37.37371681,-122.4085306,7:36:00,18:10:00,Partly cloudy,52,55,20,6,5.9
54,Martins Beach,37.37371681,-122.4085306,6:46:00,17:01:00,Clear,52,51,0,8,1.6
54,Martins Beach,37.37371681,-122.4085306,6:51:00,16:58:00,Clear,53,51,0,6,3.6
54,Martins Beach,37.37371681,-122.4085306,6:48:00,17:01:00,Clear,50,55,0,7,3.9
54,Martins Beach,37.37371681,-122.4085306,6:49:00,17:00:00,Clear,49,55,0,7,4.6
55,Tunitas Creek Beach,37.35550969,-122.3999619,7:36:00,18:10:00,Partly cloudy,52,55,20,6,5.9
55,Tunitas Creek Beach,37.35550969,-122.3999619,6:46:00,17:01:00,Clear,52,51,0,8,1.6
55,Tunitas Creek Beach,37.35550969,-122.3999619,6:51:00,16:58:00,Clear,53,51,0,6,3.6
55,Tunitas Creek Beach,37.35550969,-122.3999619,6:48:00,17:01:00,Clear,50,55,0,7,3.9
55,Tunitas Creek Beach,37.35550969,-122.3999619,6:49:00,17:00:00,Clear,49,55,0,7,4.6
56,San Gregorio Private Beach,37.3365993,-122.4013304,7:36:00,18:10:00,Partly cloudy,52,55,20,6,5.9
56,San Gregorio Private Beach,37.3365993,-122.4013304,6:46:00,17:01:00,Clear,52,51,0,8,1.6
56,San Gregorio Private Beach,37.3365993,-122.4013304,6:51:00,16:58:00,Clear,53,51,0,6,3.6
56,San Gregorio Private Beach,37.3365993,-122.4013304,6:48:00,17:01:00,Clear,50,55,0,7,3.9
56,San Gregorio Private Beach,37.3365993,-122.4013304,6:49:00,17:00:00,Clear,49,55,0,7,4.6
57,San Gregorio State Beach,37.32390506,-122.402532,7:36:00,18:10:00,Partly cloudy,52,55,20,6,5.9
57,San Gregorio State Beach,37.32390506,-122.402532,6:46:00,17:01:00,Clear,52,51,0,8,1.6
57,San Gregorio State Beach,37.32390506,-122.402532,6:51:00,16:58:00,Clear,53,51,0,6,3.6
57,San Gregorio State Beach,37.32390506,-122.402532,6:48:00,17:01:00,Clear,50,55,0,7,3.9
57,San Gregorio State Beach,37.32390506,-122.402532,6:49:00,17:00:00,Clear,49,55,0,7,4.6
58,Pomponio State Beach,37.29312103,-122.4069395,7:35:00,18:10:00,Patchy rain possible,52,56,72,5,6.9
58,Pomponio State Beach,37.29312103,-122.4069395,6:45:00,17:01:00,Clear,53,56,0,10,2
58,Pomponio State Beach,37.29312103,-122.4069395,6:49:00,16:59:00,Clear,54,53,0,6,3.9
58,Pomponio State Beach,37.29312103,-122.4069395,6:46:00,17:01:00,Clear,50,56,0,10,4.9
58,Pomponio State Beach,37.29312103,-122.4069395,6:47:00,17:00:00,Clear,49,56,0,10,5.6
59,Pescadero State Beach,37.26296837,-122.4136772,7:35:00,18:10:00,Patchy rain possible,52,56,88,5,6.9
59,Pescadero State Beach,37.26296837,-122.4136772,6:45:00,17:02:00,Clear,53,56,0,10,2
59,Pescadero State Beach,37.26296837,-122.4136772,6:49:00,16:59:00,Clear,54,53,0,6,3.9
59,Pescadero State Beach,37.26296837,-122.4136772,6:46:00,17:01:00,Clear,50,56,0,10,4.9
59,Pescadero State Beach,37.26296837,-122.4136772,6:47:00,17:00:00,Clear,49,56,0,10,5.6
60,Bean Hollow State Beach,37.22636846,-122.409955,7:35:00,18:10:00,Patchy rain possible,52,56,88,5,6.9
60,Bean Hollow State Beach,37.22636846,-122.409955,6:45:00,17:02:00,Clear,53,56,0,10,2
60,Bean Hollow State Beach,37.22636846,-122.409955,6:49:00,16:59:00,Clear,54,53,0,6,3.9
60,Bean Hollow State Beach,37.22636846,-122.409955,6:46:00,17:01:00,Clear,50,56,0,10,4.9
60,Bean Hollow State Beach,37.22636846,-122.409955,6:47:00,17:00:00,Clear,49,56,0,10,5.6
61,Pigeon Point Beach,37.18281646,-122.3849497,7:35:00,18:10:00,Patchy rain possible,52,56,88,5,6.9
61,Pigeon Point Beach,37.18281646,-122.3849497,6:45:00,17:02:00,Clear,53,56,0,10,2
61,Pigeon Point Beach,37.18281646,-122.3849497,6:49:00,16:59:00,Clear,54,53,0,6,3.9
61,Pigeon Point Beach,37.18281646,-122.3849497,6:46:00,17:01:00,Clear,50,56,0,10,4.9
61,Pigeon Point Beach,37.18281646,-122.3849497,6:47:00,17:00:00,Clear,49,56,0,10,5.6
62,Gazos Creek State Beach,37.1683354,-122.3626122,7:35:00,18:10:00,Patchy rain possible,52,56,88,5,6.9
62,Gazos Creek State Beach,37.1683354,-122.3626122,6:45:00,17:02:00,Clear,53,56,0,10,2
62,Gazos Creek State Beach,37.1683354,-122.3626122,6:49:00,16:59:00,Clear,54,53,0,6,3.9
62,Gazos Creek State Beach,37.1683354,-122.3626122,6:46:00,17:01:00,Clear,50,56,0,10,4.9
62,Gazos Creek State Beach,37.1683354,-122.3626122,6:47:00,17:00:00,Clear,49,56,0,10,5.6
63,Año Nuevo State Park,37.11362641,-122.3299457,7:35:00,18:10:00,Patchy rain possible,52,56,72,5,6.9
63,Año Nuevo State Park,37.11362641,-122.3299457,6:45:00,17:01:00,Clear,53,56,0,10,2
63,Año Nuevo State Park,37.11362641,-122.3299457,6:49:00,16:59:00,Clear,54,53,0,6,3.9
63,Año Nuevo State Park,37.11362641,-122.3299457,6:46:00,17:01:00,Clear,50,56,0,10,4.9
63,Año Nuevo State Park,37.11362641,-122.3299457,6:47:00,17:00:00,Clear,49,56,0,10,5.6
64,New Brighton State Beach,36.97873139,-121.9383879,7:34:00,18:09:00,Patchy rain possible,52,56,74,2,5.6
64,New Brighton State Beach,36.97873139,-121.9383879,6:43:00,17:01:00,Clear,52,56,0,10,2
64,New Brighton State Beach,36.97873139,-121.9383879,6:48:00,16:58:00,Clear,53,52,0,4,3.6
64,New Brighton State Beach,36.97873139,-121.9383879,6:45:00,17:00:00,Clear,49,56,0,6,3.9
64,New Brighton State Beach,36.97873139,-121.9383879,6:46:00,16:59:00,Clear,50,56,0,9,4.6
65,Capitola State Beach,36.971483,-121.951613,7:34:00,18:09:00,Patchy rain possible,52,56,74,2,5.6
65,Capitola State Beach,36.971483,-121.951613,6:43:00,17:01:00,Clear,52,56,0,10,2
65,Capitola State Beach,36.971483,-121.951613,6:48:00,16:58:00,Clear,53,52,0,4,3.6
65,Capitola State Beach,36.971483,-121.951613,6:45:00,17:00:00,Clear,49,56,0,6,3.9
65,Capitola State Beach,36.971483,-121.951613,6:46:00,16:59:00,Clear,50,56,0,9,4.6
66,Seacliff State Beach,36.97197984,-121.91399,7:33:00,18:09:00,Partly cloudy,51,55,11,2,3.9
66,Seacliff State Beach,36.97197984,-121.91399,6:43:00,17:00:00,Cloudy,49,56,86,7,1.3
66,Seacliff State Beach,36.97197984,-121.91399,6:47:00,16:57:00,Clear,50,52,0,6,2.3
66,Seacliff State Beach,36.97197984,-121.91399,6:44:00,16:59:00,Partly cloudy,47,55,4,3,2.6
66,Seacliff State Beach,36.97197984,-121.91399,6:45:00,16:59:00,Partly cloudy,46,55,1,6,2.6
67,Santa Cruz Beach,36.96440579,-122.0177257,7:34:00,18:09:00,Patchy rain possible,52,56,74,2,5.6
67,Santa Cruz Beach,36.96440579,-122.0177257,6:43:00,17:01:00,Clear,52,56,0,10,2
67,Santa Cruz Beach,36.96440579,-122.0177257,6:48:00,16:58:00,Clear,53,52,0,4,3.6
67,Santa Cruz Beach,36.96440579,-122.0177257,6:45:00,17:00:00,Clear,49,56,0,6,3.9
67,Santa Cruz Beach,36.96440579,-122.0177257,6:46:00,16:59:00,Clear,50,56,0,9,4.6
68,Twin Lakes State Beach,36.96234726,-121.9978356,6:45:00,17:00:00,Clear,49,56,0,6,3.9
68,Twin Lakes State Beach,36.96234726,-121.9978356,6:46:00,16:59:00,Clear,50,56,0,9,4.6
69,Lighthouse Field State Beach,36.95189034,-122.0285827,7:34:00,18:09:00,Patchy rain possible,52,56,74,2,5.6
69,Lighthouse Field State Beach,36.95189034,-122.0285827,6:43:00,17:01:00,Clear,52,56,0,10,2
69,Lighthouse Field State Beach,36.95189034,-122.0285827,6:48:00,16:58:00,Clear,53,52,0,4,3.6
69,Lighthouse Field State Beach,36.95189034,-122.0285827,6:45:00,17:00:00,Clear,49,56,0,6,3.9
69,Lighthouse Field State Beach,36.95189034,-122.0285827,6:46:00,16:59:00,Clear,50,56,0,9,4.6
70,Natural Bridges State Beach,36.95043481,-122.0573468,7:34:00,18:09:00,Patchy rain possible,52,56,74,2,5.6
70,Natural Bridges State Beach,36.95043481,-122.0573468,6:43:00,17:01:00,Clear,52,56,0,10,2
70,Natural Bridges State Beach,36.95043481,-122.0573468,6:48:00,16:58:00,Clear,53,52,0,4,3.6
70,Natural Bridges State Beach,36.95043481,-122.0573468,6:45:00,17:00:00,Clear,49,56,0,6,3.9
70,Natural Bridges State Beach,36.95043481,-122.0573468,6:46:00,16:59:00,Clear,50,56,0,9,4.6
71,Manresa State Beach,36.93232569,-121.862878,7:33:00,18:09:00,Partly cloudy,51,55,11,2,3.9
71,Manresa State Beach,36.93232569,-121.862878,6:43:00,17:00:00,Cloudy,49,56,86,7,1.3
71,Manresa State Beach,36.93232569,-121.862878,6:47:00,16:57:00,Clear,50,52,0,6,2.3
71,Manresa State Beach,36.93232569,-121.862878,6:44:00,16:59:00,Partly cloudy,47,55,4,3,2.6
71,Manresa State Beach,36.93232569,-121.862878,6:45:00,16:59:00,Partly cloudy,46,55,1,6,2.6
72,Sunset State Beach,36.88700143,-121.8326324,7:33:00,18:09:00,Partly cloudy,51,55,11,2,3.9
72,Sunset State Beach,36.88700143,-121.8326324,6:43:00,17:00:00,Cloudy,49,56,86,7,1.3
72,Sunset State Beach,36.88700143,-121.8326324,6:47:00,16:57:00,Clear,50,52,0,6,2.3
72,Sunset State Beach,36.88700143,-121.8326324,6:44:00,16:59:00,Partly cloudy,47,55,4,3,2.6
72,Sunset State Beach,36.88700143,-121.8326324,6:45:00,16:59:00,Partly cloudy,46,55,1,6,2.6
73,Zmudowski State Beach,36.84292083,-121.805257,7:32:00,18:09:00,Partly cloudy,51,55,11,2,3.9
73,Zmudowski State Beach,36.84292083,-121.805257,6:42:00,17:00:00,Cloudy,49,56,86,7,1.3
73,Zmudowski State Beach,36.84292083,-121.805257,6:43:00,16:59:00,Partly cloudy,47,55,4,3,2.6
73,Zmudowski State Beach,36.84292083,-121.805257,6:44:00,16:58:00,Partly cloudy,46,55,1,6,2.6
74,Moss Landing State Beach,36.81540267,-121.7915881,7:32:00,18:09:00,Partly cloudy,51,55,11,2,3.9
74,Moss Landing State Beach,36.81540267,-121.7915881,6:42:00,17:00:00,Cloudy,49,56,86,7,1.3
74,Moss Landing State Beach,36.81540267,-121.7915881,6:43:00,16:59:00,Partly cloudy,47,55,4,3,2.6
74,Moss Landing State Beach,36.81540267,-121.7915881,6:44:00,16:58:00,Partly cloudy,46,55,1,6,2.6
75,Salinas River State Beach,36.7754768,-121.7952683,7:32:00,18:09:00,Partly cloudy,51,55,11,2,3.9
75,Salinas River State Beach,36.7754768,-121.7952683,6:42:00,17:00:00,Cloudy,49,56,86,7,1.3
75,Salinas River State Beach,36.7754768,-121.7952683,6:43:00,16:59:00,Partly cloudy,47,55,4,3,2.6
75,Salinas River State Beach,36.7754768,-121.7952683,6:44:00,16:58:00,Partly cloudy,46,55,1,6,2.6
76,Marina State Beach,36.69649793,-121.8094498,7:33:00,18:09:00,Partly cloudy,51,55,11,2,3.9
76,Marina State Beach,36.69649793,-121.8094498,6:42:00,17:00:00,Cloudy,49,56,86,7,1.3
76,Marina State Beach,36.69649793,-121.8094498,6:43:00,17:00:00,Partly cloudy,47,55,4,3,2.6
76,Marina State Beach,36.69649793,-121.8094498,6:44:00,16:59:00,Partly cloudy,46,55,1,6,2.6
77,Asilomar State Beach,36.61826712,-121.9419008,7:33:00,18:10:00,Partly cloudy,54,52,23,2,7.9
77,Asilomar State Beach,36.61826712,-121.9419008,6:43:00,17:01:00,Cloudy,53,56,64,9,2.3
77,Asilomar State Beach,36.61826712,-121.9419008,6:47:00,16:58:00,Clear,55,52,0,12,4.6
77,Asilomar State Beach,36.61826712,-121.9419008,6:44:00,17:00:00,Clear,51,51,0,8,5.2
77,Asilomar State Beach,36.61826712,-121.9419008,6:45:00,16:59:00,Clear,51,55,0,6,6.2
78,Monterey State Beach,36.61250151,-121.8580798,7:33:00,18:09:00,Patchy rain possible,54,52,82,2,7.9
78,Monterey State Beach,36.61250151,-121.8580798,6:42:00,17:01:00,Cloudy,53,56,64,9,2.3
78,Monterey State Beach,36.61250151,-121.8580798,6:43:00,17:00:00,Clear,51,51,0,8,5.2
78,Monterey State Beach,36.61250151,-121.8580798,6:44:00,16:59:00,Clear,51,55,0,6,6.2
79,Pebble Beach,36.57242701,-121.9477807,7:33:00,18:09:00,Partly cloudy,54,52,23,2,7.9
79,Pebble Beach,36.57242701,-121.9477807,6:42:00,17:01:00,Cloudy,53,56,64,9,2.3
79,Pebble Beach,36.57242701,-121.9477807,6:46:00,16:58:00,Clear,55,52,0,12,4.6
79,Pebble Beach,36.57242701,-121.9477807,6:43:00,17:00:00,Clear,51,51,0,8,5.2
79,Pebble Beach,36.57242701,-121.9477807,6:44:00,16:59:00,Clear,51,55,0,6,6.2
80,Carmel River State Beach,36.53817954,-121.9290057,7:33:00,18:10:00,Partly cloudy,54,52,23,2,7.9
80,Carmel River State Beach,36.53817954,-121.9290057,6:42:00,17:01:00,Cloudy,53,56,64,9,2.3
80,Carmel River State Beach,36.53817954,-121.9290057,6:46:00,16:58:00,Clear,55,52,0,12,4.6
80,Carmel River State Beach,36.53817954,-121.9290057,6:43:00,17:00:00,Clear,51,51,0,8,5.2
80,Carmel River State Beach,36.53817954,-121.9290057,6:44:00,17:00:00,Clear,51,55,0,6,6.2
81,Point Sur Lightstation State Historic Park,36.309028,-121.8954479,7:33:00,18:10:00,Partly cloudy,54,52,23,2,7.9
81,Point Sur Lightstation State Historic Park,36.309028,-121.8954479,6:42:00,17:01:00,Cloudy,53,56,64,9,2.3
81,Point Sur Lightstation State Historic Park,36.309028,-121.8954479,6:43:00,17:00:00,Clear,51,51,0,8,5.2
81,Point Sur Lightstation State Historic Park,36.309028,-121.8954479,6:44:00,17:00:00,Clear,51,55,0,6,6.2
82,Sand Dollar Beach,35.92314004,-121.4685117,7:28:00,18:08:00,Partly cloudy,52,56,18,7,5.9
82,Sand Dollar Beach,35.92314004,-121.4685117,6:37:00,17:00:00,Partly cloudy,52,56,2,8,2.3
82,Sand Dollar Beach,35.92314004,-121.4685117,6:38:00,16:59:00,Clear,49,55,0,4,4.6
82,Sand Dollar Beach,35.92314004,-121.4685117,6:39:00,16:58:00,Clear,50,55,0,6,4.9
83,William Randolph Hearst Memorial State Beach,35.64417168,-121.1880653,7:28:00,18:08:00,Partly cloudy,52,56,18,7,5.9
83,William Randolph Hearst Memorial State Beach,35.64417168,-121.1880653,6:37:00,17:00:00,Partly cloudy,52,56,2,8,2.3
83,William Randolph Hearst Memorial State Beach,35.64417168,-121.1880653,6:38:00,16:59:00,Clear,49,55,0,4,4.6
83,William Randolph Hearst Memorial State Beach,35.64417168,-121.1880653,6:39:00,16:58:00,Clear,50,55,0,6,4.9
84,Cayucos State Beach,35.44857182,-120.9059346,7:26:00,18:07:00,Cloudy,53,52,78,7,5.9
84,Cayucos State Beach,35.44857182,-120.9059346,6:36:00,16:59:00,Clear,52,52,0,7,2.3
84,Cayucos State Beach,35.44857182,-120.9059346,6:37:00,16:58:00,Clear,49,55,0,6,4.9
84,Cayucos State Beach,35.44857182,-120.9059346,6:38:00,16:58:00,Partly cloudy,50,55,4,11,4.3
85,Morro Strand State Beach,35.39210458,-120.8668416,7:26:00,18:07:00,Cloudy,53,52,78,7,5.9
85,Morro Strand State Beach,35.39210458,-120.8668416,6:36:00,16:59:00,Clear,52,52,0,7,2.3
85,Morro Strand State Beach,35.39210458,-120.8668416,6:37:00,16:58:00,Clear,49,55,0,6,4.9
85,Morro Strand State Beach,35.39210458,-120.8668416,6:38:00,16:58:00,Partly cloudy,50,55,4,11,4.3
86,Morro Rock Beach,35.37284552,-120.865919,7:26:00,18:07:00,Cloudy,53,52,78,7,5.9
86,Morro Rock Beach,35.37284552,-120.865919,6:36:00,16:59:00,Clear,52,52,0,7,2.3
86,Morro Rock Beach,35.37284552,-120.865919,6:37:00,16:58:00,Clear,49,55,0,6,4.9
86,Morro Rock Beach,35.37284552,-120.865919,6:38:00,16:58:00,Partly cloudy,50,55,4,11,4.3
87,Ávila Beach,35.18010746,-120.7316191,7:26:00,18:07:00,Partly cloudy,53,52,58,9,5.6
87,Ávila Beach,35.18010746,-120.7316191,6:35:00,16:59:00,Clear,52,51,0,9,2
87,Ávila Beach,35.18010746,-120.7316191,6:36:00,16:58:00,Clear,50,55,0,6,4.9
87,Ávila Beach,35.18010746,-120.7316191,6:37:00,16:58:00,Partly cloudy,50,55,9,8,4.3
88,Shell Beach,35.17215991,-120.70133,7:26:00,18:07:00,Partly cloudy,53,52,58,9,5.6
88,Shell Beach,35.17215991,-120.70133,6:35:00,16:59:00,Clear,52,51,0,9,2
88,Shell Beach,35.17215991,-120.70133,6:39:00,16:56:00,Clear,54,51,0,9,3.6
88,Shell Beach,35.17215991,-120.70133,6:36:00,16:58:00,Clear,50,55,0,6,4.9
88,Shell Beach,35.17215991,-120.70133,6:37:00,16:58:00,Partly cloudy,50,55,9,8,4.3
89,Pismo Beach Pier,35.139858,-120.644774,7:25:00,18:07:00,Partly cloudy,54,53,48,10,5.2
89,Pismo Beach Pier,35.139858,-120.644774,6:34:00,16:59:00,Clear,52,55,0,8,2
89,Pismo Beach Pier,35.139858,-120.644774,6:38:00,16:56:00,Clear,53,52,0,7,3.3
89,Pismo Beach Pier,35.139858,-120.644774,6:35:00,16:58:00,Clear,51,55,0,5,4.6
89,Pismo Beach Pier,35.139858,-120.644774,6:36:00,16:57:00,Partly cloudy,50,55,12,10,3.9
90,Rancho Guadalupe Dunes County Park,34.96514896,-120.6515443,7:25:00,18:07:00,Partly cloudy,54,53,48,10,5.2
90,Rancho Guadalupe Dunes County Park,34.96514896,-120.6515443,6:34:00,16:59:00,Clear,52,55,0,8,2
90,Rancho Guadalupe Dunes County Park,34.96514896,-120.6515443,6:38:00,16:56:00,Clear,53,52,0,7,3.3
90,Rancho Guadalupe Dunes County Park,34.96514896,-120.6515443,6:35:00,16:58:00,Clear,51,55,0,5,4.6
90,Rancho Guadalupe Dunes County Park,34.96514896,-120.6515443,6:36:00,16:57:00,Partly cloudy,50,55,12,10,3.9
91,Point Sal State Beach,34.90204849,-120.6548958,7:25:00,18:07:00,Partly cloudy,54,53,48,10,5.2
91,Point Sal State Beach,34.90204849,-120.6548958,6:34:00,16:59:00,Clear,52,55,0,8,2
91,Point Sal State Beach,34.90204849,-120.6548958,6:38:00,16:56:00,Clear,53,52,0,7,3.3
91,Point Sal State Beach,34.90204849,-120.6548958,6:35:00,16:58:00,Clear,51,55,0,5,4.6
91,Point Sal State Beach,34.90204849,-120.6548958,6:36:00,16:57:00,Partly cloudy,50,55,12,10,3.9
92,Surf Beach,34.68424954,-120.6064212,7:24:00,18:08:00,Cloudy,55,54,75,16,5.9
92,Surf Beach,34.68424954,-120.6064212,6:33:00,17:00:00,Clear,53,56,0,11,2.3
92,Surf Beach,34.68424954,-120.6064212,6:37:00,16:57:00,Clear,55,52,0,6,3.6
92,Surf Beach,34.68424954,-120.6064212,6:34:00,16:59:00,Clear,52,56,0,12,5.2
92,Surf Beach,34.68424954,-120.6064212,6:35:00,16:58:00,Partly cloudy,52,56,5,14,4.6
93,Jalama Beach County Park,34.51081204,-120.5018918,7:24:00,18:08:00,Cloudy,55,54,75,16,5.9
93,Jalama Beach County Park,34.51081204,-120.5018918,6:33:00,17:00:00,Clear,53,56,0,11,2.3
93,Jalama Beach County Park,34.51081204,-120.5018918,6:34:00,16:59:00,Clear,52,56,0,12,5.2
93,Jalama Beach County Park,34.51081204,-120.5018918,6:35:00,16:58:00,Partly cloudy,52,56,5,14,4.6
94,Gaviota State Park,34.47353149,-120.2296213,7:22:00,18:06:00,Overcast,55,60,94,18,2.6
94,Gaviota State Park,34.47353149,-120.2296213,6:31:00,16:58:00,Clear,54,57,0,7,1
94,Gaviota State Park,34.47353149,-120.2296213,6:32:00,16:57:00,Clear,51,56,0,12,2.6
94,Gaviota State Park,34.47353149,-120.2296213,6:33:00,16:57:00,Clear,54,56,0,11,2.3
95,Refugio State Beach,34.46328972,-120.0701569,7:22:00,18:06:00,Overcast,55,60,94,18,2.6
95,Refugio State Beach,34.46328972,-120.0701569,6:31:00,16:58:00,Clear,54,57,0,7,1
95,Refugio State Beach,34.46328972,-120.0701569,6:32:00,16:57:00,Clear,51,56,0,12,2.6
95,Refugio State Beach,34.46328972,-120.0701569,6:33:00,16:57:00,Clear,54,56,0,11,2.3
96,El Capitán State Beach,34.46061439,-120.0248308,7:21:00,18:05:00,Overcast,54,61,99,16,2
96,El Capitán State Beach,34.46061439,-120.0248308,6:30:00,16:57:00,Clear,56,58,0,4,1
96,El Capitán State Beach,34.46061439,-120.0248308,6:31:00,16:56:00,Clear,51,57,0,8,2.3
96,El Capitán State Beach,34.46061439,-120.0248308,6:32:00,16:56:00,Clear,55,57,0,8,1.6
97,Sands Beach,34.407591,-119.879251,7:21:00,18:05:00,Overcast,54,61,99,16,2
97,Sands Beach,34.407591,-119.879251,6:30:00,16:57:00,Clear,56,58,0,4,1
97,Sands Beach,34.407591,-119.879251,6:31:00,16:56:00,Clear,51,57,0,8,2.3
97,Sands Beach,34.407591,-119.879251,6:32:00,16:56:00,Clear,55,57,0,8,1.6
98,Summerland Beach,34.42038268,-119.6024139,7:20:00,18:04:00,Overcast,55,63,97,11,1
98,Summerland Beach,34.42038268,-119.6024139,6:29:00,16:56:00,Clear,56,60,0,2,0.7
98,Summerland Beach,34.42038268,-119.6024139,6:30:00,16:55:00,Clear,50,59,0,8,2
98,Summerland Beach,34.42038268,-119.6024139,6:31:00,16:55:00,Partly cloudy,55,59,1,10,1.6
99,Butterfly Beach,34.4177324,-119.6494454,7:20:00,18:04:00,Overcast,55,63,97,11,1
99,Butterfly Beach,34.4177324,-119.6494454,6:29:00,16:56:00,Clear,56,60,0,2,0.7
99,Butterfly Beach,34.4177324,-119.6494454,6:30:00,16:55:00,Clear,50,59,0,8,2
99,Butterfly Beach,34.4177324,-119.6494454,6:31:00,16:55:00,Partly cloudy,55,59,1,10,1.6
100,Goleta Beach Park,34.41681648,-119.8324352,7:21:00,18:05:00,Overcast,54,61,99,16,2
100,Goleta Beach Park,34.41681648,-119.8324352,6:30:00,16:57:00,Clear,56,58,0,4,1
100,Goleta Beach Park,34.41681648,-119.8324352,6:31:00,16:56:00,Clear,51,57,0,8,2.3
100,Goleta Beach Park,34.41681648,-119.8324352,6:32:00,16:56:00,Clear,55,57,0,8,1.6
101,East Beach,34.41634896,-119.6804242,7:20:00,18:04:00,Overcast,55,63,97,11,1
101,East Beach,34.41634896,-119.6804242,6:29:00,16:56:00,Clear,56,60,0,2,0.7
101,East Beach,34.41634896,-119.6804242,6:30:00,16:55:00,Clear,50,59,0,8,2
101,East Beach,34.41634896,-119.6804242,6:31:00,16:55:00,Partly cloudy,55,59,1,10,1.6
102,West Beach,34.40535704,-119.6973811,7:20:00,18:04:00,Overcast,55,63,97,11,1
102,West Beach,34.40535704,-119.6973811,6:29:00,16:56:00,Clear,56,60,0,2,0.7
102,West Beach,34.40535704,-119.6973811,6:30:00,16:55:00,Clear,50,59,0,8,2
102,West Beach,34.40535704,-119.6973811,6:31:00,16:55:00,Partly cloudy,55,59,1,10,1.6
103,Arroyo Burro Beach,34.4026134,-119.7430753,7:20:00,18:04:00,Overcast,55,63,97,11,1
103,Arroyo Burro Beach,34.4026134,-119.7430753,6:29:00,16:56:00,Clear,56,60,0,2,0.7
103,Arroyo Burro Beach,34.4026134,-119.7430753,6:30:00,16:55:00,Clear,50,59,0,8,2
103,Arroyo Burro Beach,34.4026134,-119.7430753,6:31:00,16:55:00,Partly cloudy,55,59,1,10,1.6
104,Leadbetter Beach,34.40248784,-119.699369,7:20:00,18:04:00,Overcast,55,63,97,11,1
104,Leadbetter Beach,34.40248784,-119.699369,6:29:00,16:56:00,Clear,56,60,0,2,0.7
104,Leadbetter Beach,34.40248784,-119.699369,6:30:00,16:55:00,Clear,50,59,0,8,2
104,Leadbetter Beach,34.40248784,-119.699369,6:31:00,16:55:00,Partly cloudy,55,59,1,10,1.6
105,Carpinteria State Beach,34.39281987,-119.5240894,7:19:00,18:04:00,Overcast,55,63,97,11,1
105,Carpinteria State Beach,34.39281987,-119.5240894,6:28:00,16:55:00,Clear,56,60,0,2,0.7
105,Carpinteria State Beach,34.39281987,-119.5240894,6:29:00,16:55:00,Clear,50,59,0,8,2
105,Carpinteria State Beach,34.39281987,-119.5240894,6:30:00,16:54:00,Partly cloudy,55,59,1,10,1.6
106,Rincon Beach Park,34.3801909,-119.4831245,7:19:00,18:04:00,Overcast,55,63,97,11,1
106,Rincon Beach Park,34.3801909,-119.4831245,6:28:00,16:55:00,Clear,56,60,0,2,0.7
106,Rincon Beach Park,34.3801909,-119.4831245,6:29:00,16:55:00,Clear,50,59,0,8,2
106,Rincon Beach Park,34.3801909,-119.4831245,6:30:00,16:54:00,Partly cloudy,55,59,1,10,1.6
107,Emma Wood State Beach,34.29332738,-119.3400669,7:18:00,18:03:00,Overcast,60,64,98,16,1.6
107,Emma Wood State Beach,34.29332738,-119.3400669,6:27:00,16:55:00,Clear,59,57,0,6,1.3
107,Emma Wood State Beach,34.29332738,-119.3400669,6:28:00,16:54:00,Clear,55,56,0,6,3.3
107,Emma Wood State Beach,34.29332738,-119.3400669,6:29:00,16:53:00,Clear,58,56,0,12,2.6
108,San Buenaventura State Beach,34.26991871,-119.2768745,7:18:00,18:03:00,Overcast,60,64,98,16,1.6
108,San Buenaventura State Beach,34.26991871,-119.2768745,6:27:00,16:55:00,Clear,59,57,0,6,1.3
108,San Buenaventura State Beach,34.26991871,-119.2768745,6:31:00,16:52:00,Clear,60,56,0,11,2
108,San Buenaventura State Beach,34.26991871,-119.2768745,6:28:00,16:54:00,Clear,55,56,0,6,3.3
108,San Buenaventura State Beach,34.26991871,-119.2768745,6:29:00,16:53:00,Clear,58,56,0,12,2.6
109,McGrath State Beach,34.2210903,-119.259957,7:18:00,18:03:00,Overcast,60,64,98,16,1.6
109,McGrath State Beach,34.2210903,-119.259957,6:27:00,16:55:00,Clear,59,57,0,6,1.3
109,McGrath State Beach,34.2210903,-119.259957,6:31:00,16:52:00,Clear,60,56,0,11,2
109,McGrath State Beach,34.2210903,-119.259957,6:28:00,16:54:00,Clear,55,56,0,6,3.3
109,McGrath State Beach,34.2210903,-119.259957,6:29:00,16:53:00,Clear,58,56,0,12,2.6
110,Oxnard Beach Park,34.17672826,-119.2371455,7:18:00,18:03:00,Overcast,60,64,98,16,1.6
110,Oxnard Beach Park,34.17672826,-119.2371455,6:27:00,16:55:00,Clear,59,57,0,6,1.3
110,Oxnard Beach Park,34.17672826,-119.2371455,6:31:00,16:52:00,Clear,60,56,0,11,2
110,Oxnard Beach Park,34.17672826,-119.2371455,6:28:00,16:54:00,Clear,55,56,0,6,3.3
110,Oxnard Beach Park,34.17672826,-119.2371455,6:29:00,16:53:00,Clear,58,56,0,12,2.6
111,Silver Strand Beach,34.150945,-119.219362,7:18:00,18:03:00,Overcast,60,64,98,16,1.6
111,Silver Strand Beach,34.150945,-119.219362,6:27:00,16:55:00,Clear,59,57,0,6,1.3
111,Silver Strand Beach,34.150945,-119.219362,6:31:00,16:52:00,Clear,60,56,0,11,2
111,Silver Strand Beach,34.150945,-119.219362,6:28:00,16:54:00,Clear,55,56,0,6,3.3
111,Silver Strand Beach,34.150945,-119.219362,6:29:00,16:53:00,Clear,58,56,0,12,2.6
112,Port Hueneme Beach Park,34.14254714,-119.1960592,7:18:00,18:03:00,Cloudy,60,65,65,26,2
112,Port Hueneme Beach Park,34.14254714,-119.1960592,6:27:00,16:55:00,Clear,59,61,0,8,1.3
112,Port Hueneme Beach Park,34.14254714,-119.1960592,6:30:00,16:52:00,Clear,62,57,0,28,2.3
112,Port Hueneme Beach Park,34.14254714,-119.1960592,6:28:00,16:54:00,Clear,55,60,0,9,3.9
112,Port Hueneme Beach Park,34.14254714,-119.1960592,6:29:00,16:53:00,Clear,60,57,0,7,2.6
112,Point Mugu State Park,34.09480328,-119.0635493,7:17:00,18:02:00,Cloudy,60,65,65,26,2
112,Point Mugu State Park,34.09480328,-119.0635493,6:26:00,16:54:00,Clear,59,61,0,8,1.3
112,Point Mugu State Park,34.09480328,-119.0635493,6:30:00,16:52:00,Clear,62,57,0,28,2.3
112,Point Mugu State Park,34.09480328,-119.0635493,6:27:00,16:54:00,Clear,55,60,0,9,3.9
112,Point Mugu State Park,34.09480328,-119.0635493,6:28:00,16:53:00,Clear,60,57,0,7,2.6
112,Topanga State Beach,34.07308175,-118.5913072,7:15:00,18:00:00,Overcast,60,66,100,6,1.3
112,Topanga State Beach,34.07308175,-118.5913072,6:24:00,16:52:00,Clear,59,62,0,6,1
112,Topanga State Beach,34.07308175,-118.5913072,6:27:00,16:50:00,Clear,61,58,0,6,1.3
112,Topanga State Beach,34.07308175,-118.5913072,6:25:00,16:51:00,Partly cloudy,55,62,3,11,1.3
112,Topanga State Beach,34.07308175,-118.5913072,6:25:00,16:51:00,Clear,58,62,0,7,1.3
112,County Line Beach,34.051417,-118.9601453,7:17:00,18:02:00,Cloudy,60,65,65,26,2
112,County Line Beach,34.051417,-118.9601453,6:26:00,16:54:00,Clear,59,61,0,8,1.3
112,County Line Beach,34.051417,-118.9601453,6:30:00,16:52:00,Clear,62,57,0,28,2.3
112,County Line Beach,34.051417,-118.9601453,6:27:00,16:54:00,Clear,55,60,0,9,3.9
112,County Line Beach,34.051417,-118.9601453,6:28:00,16:53:00,Clear,60,57,0,7,2.6
112,Northridge Park,34.04688979,-118.6136107,7:15:00,18:00:00,Overcast,60,66,100,6,1.3
112,Northridge Park,34.04688979,-118.6136107,6:24:00,16:52:00,Clear,59,62,0,6,1
112,Northridge Park,34.04688979,-118.6136107,6:27:00,16:50:00,Clear,61,58,0,6,1.3
112,Northridge Park,34.04688979,-118.6136107,6:25:00,16:51:00,Partly cloudy,55,62,3,11,1.3
112,Northridge Park,34.04688979,-118.6136107,6:25:00,16:51:00,Clear,58,62,0,7,1.3
112,Leo Carrillo State Park,34.04417165,-118.9353832,7:17:00,18:02:00,Cloudy,60,65,65,26,2
112,Leo Carrillo State Park,34.04417165,-118.9353832,6:26:00,16:54:00,Clear,59,61,0,8,1.3
112,Leo Carrillo State Park,34.04417165,-118.9353832,6:30:00,16:52:00,Clear,62,57,0,28,2.3
112,Leo Carrillo State Park,34.04417165,-118.9353832,6:27:00,16:54:00,Clear,55,60,0,9,3.9
112,Leo Carrillo State Park,34.04417165,-118.9353832,6:28:00,16:53:00,Clear,60,57,0,7,2.6
112,El Pescador State Beach,34.04055637,-118.8920206,7:17:00,18:02:00,Cloudy,60,65,65,26,2
112,El Pescador State Beach,34.04055637,-118.8920206,6:26:00,16:54:00,Clear,59,61,0,8,1.3
112,El Pescador State Beach,34.04055637,-118.8920206,6:30:00,16:52:00,Clear,62,57,0,28,2.3
112,El Pescador State Beach,34.04055637,-118.8920206,6:27:00,16:54:00,Clear,55,60,0,9,3.9
112,El Pescador State Beach,34.04055637,-118.8920206,6:28:00,16:53:00,Clear,60,57,0,7,2.6
112,La Piedra State Beach,34.03985483,-118.8874178,7:17:00,18:02:00,Cloudy,60,65,65,26,2
112,La Piedra State Beach,34.03985483,-118.8874178,6:26:00,16:54:00,Clear,59,61,0,8,1.3
112,La Piedra State Beach,34.03985483,-118.8874178,6:30:00,16:52:00,Clear,62,57,0,28,2.3
112,La Piedra State Beach,34.03985483,-118.8874178,6:27:00,16:54:00,Clear,55,60,0,9,3.9
112,La Piedra State Beach,34.03985483,-118.8874178,6:28:00,16:53:00,Clear,60,57,0,7,2.6
112,Robert Meyer Memorial State Beach,34.03869785,-118.8758222,7:17:00,18:02:00,Cloudy,60,65,65,26,2
112,Robert Meyer Memorial State Beach,34.03869785,-118.8758222,6:26:00,16:54:00,Clear,59,61,0,8,1.3
112,Robert Meyer Memorial State Beach,34.03869785,-118.8758222,6:30:00,16:52:00,Clear,62,57,0,28,2.3
112,Robert Meyer Memorial State Beach,34.03869785,-118.8758222,6:27:00,16:54:00,Clear,55,60,0,9,3.9
112,Robert Meyer Memorial State Beach,34.03869785,-118.8758222,6:28:00,16:53:00,Clear,60,57,0,7,2.6
112,El Matador State Beach,34.03820261,-118.8747166,7:17:00,18:02:00,Cloudy,60,65,65,26,2
112,El Matador State Beach,34.03820261,-118.8747166,6:26:00,16:54:00,Clear,59,61,0,8,1.3
112,El Matador State Beach,34.03820261,-118.8747166,6:30:00,16:52:00,Clear,62,57,0,28,2.3
112,El Matador State Beach,34.03820261,-118.8747166,6:27:00,16:54:00,Clear,55,60,0,9,3.9
112,El Matador State Beach,34.03820261,-118.8747166,6:28:00,16:53:00,Clear,60,57,0,7,2.6
112,Broad Beach,34.0378004,-118.8678132,7:17:00,18:02:00,Cloudy,60,65,65,26,2
112,Broad Beach,34.0378004,-118.8678132,6:26:00,16:54:00,Clear,59,61,0,8,1.3
112,Broad Beach,34.0378004,-118.8678132,6:30:00,16:52:00,Clear,62,57,0,28,2.3
112,Broad Beach,34.0378004,-118.8678132,6:27:00,16:54:00,Clear,55,60,0,9,3.9
112,Broad Beach,34.0378004,-118.8678132,6:28:00,16:53:00,Clear,60,57,0,7,2.6
112,Will Rogers State Beach,34.03695749,-118.5375772,7:15:00,18:00:00,Overcast,60,66,100,6,1.3
112,Will Rogers State Beach,34.03695749,-118.5375772,6:24:00,16:52:00,Clear,59,62,0,6,1
112,Will Rogers State Beach,34.03695749,-118.5375772,6:27:00,16:50:00,Clear,61,58,0,6,1.3
112,Will Rogers State Beach,34.03695749,-118.5375772,6:25:00,16:51:00,Partly cloudy,55,62,3,11,1.3
112,Will Rogers State Beach,34.03695749,-118.5375772,6:25:00,16:51:00,Clear,58,62,0,7,1.3
112,Lechuza Beach,34.03610607,-118.8662851,7:17:00,18:02:00,Cloudy,60,65,65,26,2
112,Lechuza Beach,34.03610607,-118.8662851,6:26:00,16:54:00,Clear,59,61,0,8,1.3
112,Lechuza Beach,34.03610607,-118.8662851,6:30:00,16:52:00,Clear,62,57,0,28,2.3
112,Lechuza Beach,34.03610607,-118.8662851,6:27:00,16:54:00,Clear,55,60,0,9,3.9
112,Lechuza Beach,34.03610607,-118.8662851,6:28:00,16:53:00,Clear,60,57,0,7,2.6
112,Malibu Lagoon State Beach,34.03397257,-118.6803286,7:15:00,18:00:00,Overcast,60,66,100,6,1.3
112,Malibu Lagoon State Beach,34.03397257,-118.6803286,6:24:00,16:52:00,Clear,59,62,0,6,1
112,Malibu Lagoon State Beach,34.03397257,-118.6803286,6:27:00,16:50:00,Clear,61,58,0,6,1.3
112,Malibu Lagoon State Beach,34.03397257,-118.6803286,6:25:00,16:51:00,Partly cloudy,55,62,3,11,1.3
112,Malibu Lagoon State Beach,34.03397257,-118.6803286,6:25:00,16:51:00,Clear,58,62,0,7,1.3
112,Palisades Park,34.02321351,-118.5095999,7:15:00,18:00:00,Overcast,60,66,100,6,1.3
112,Palisades Park,34.02321351,-118.5095999,6:24:00,16:52:00,Clear,59,62,0,6,1
112,Palisades Park,34.02321351,-118.5095999,6:27:00,16:50:00,Clear,61,58,0,6,1.3
112,Palisades Park,34.02321351,-118.5095999,6:25:00,16:51:00,Partly cloudy,55,62,3,11,1.3
112,Palisades Park,34.02321351,-118.5095999,6:25:00,16:51:00,Clear,58,62,0,7,1.3
112,Zuma Beach County Park,34.02190008,-118.8306025,7:17:00,18:02:00,Cloudy,60,65,65,26,2
112,Zuma Beach County Park,34.02190008,-118.8306025,6:26:00,16:54:00,Clear,59,61,0,8,1.3
112,Zuma Beach County Park,34.02190008,-118.8306025,6:30:00,16:52:00,Clear,62,57,0,28,2.3
112,Zuma Beach County Park,34.02190008,-118.8306025,6:27:00,16:54:00,Clear,55,60,0,9,3.9
112,Zuma Beach County Park,34.02190008,-118.8306025,6:28:00,16:53:00,Clear,60,57,0,7,2.6
112,Santa Monica State Beach,34.01453645,-118.5023759,7:15:00,18:00:00,Overcast,60,66,100,6,1.3
112,Santa Monica State Beach,34.01453645,-118.5023759,6:24:00,16:52:00,Clear,59,62,0,6,1
112,Santa Monica State Beach,34.01453645,-118.5023759,6:27:00,16:50:00,Clear,61,58,0,6,1.3
112,Santa Monica State Beach,34.01453645,-118.5023759,6:25:00,16:51:00,Partly cloudy,55,62,3,11,1.3
112,Santa Monica State Beach,34.01453645,-118.5023759,6:25:00,16:51:00,Clear,58,62,0,7,1.3
112,Point Dume State Beach,34.01137544,-118.8169822,7:17:00,18:02:00,Cloudy,60,65,65,26,2
112,Point Dume State Beach,34.01137544,-118.8169822,6:26:00,16:54:00,Clear,59,61,0,8,1.3
112,Point Dume State Beach,34.01137544,-118.8169822,6:30:00,16:52:00,Clear,62,57,0,28,2.3
112,Point Dume State Beach,34.01137544,-118.8169822,6:27:00,16:54:00,Clear,55,60,0,9,3.9
112,Point Dume State Beach,34.01137544,-118.8169822,6:28:00,16:53:00,Clear,60,57,0,7,2.6
112,Venice City Beach,33.97918361,-118.469256,7:15:00,18:00:00,Overcast,60,66,100,6,1.3
112,Venice City Beach,33.97918361,-118.469256,6:23:00,16:52:00,Clear,59,62,0,6,1
112,Venice City Beach,33.97918361,-118.469256,6:27:00,16:49:00,Clear,61,58,0,6,1.3
112,Venice City Beach,33.97918361,-118.469256,6:24:00,16:51:00,Partly cloudy,55,62,3,11,1.3
112,Venice City Beach,33.97918361,-118.469256,6:25:00,16:51:00,Clear,58,62,0,7,1.3
112,Playa Del Rey,33.953557,-118.4489999,7:15:00,18:00:00,Overcast,60,66,100,6,1.3
112,Playa Del Rey,33.953557,-118.4489999,6:23:00,16:52:00,Clear,59,62,0,6,1
112,Playa Del Rey,33.953557,-118.4489999,6:27:00,16:49:00,Clear,61,58,0,6,1.3
112,Playa Del Rey,33.953557,-118.4489999,6:24:00,16:51:00,Partly cloudy,55,62,3,11,1.3
112,Playa Del Rey,33.953557,-118.4489999,6:25:00,16:51:00,Clear,58,62,0,7,1.3
112,Dockweiler State Beach,33.93020159,-118.4361253,7:14:00,18:00:00,Cloudy,62,66,80,12,2.3
112,Dockweiler State Beach,33.93020159,-118.4361253,6:23:00,16:52:00,Clear,61,59,0,9,1.6
112,Dockweiler State Beach,33.93020159,-118.4361253,6:27:00,16:50:00,Clear,62,59,0,5,2
112,Dockweiler State Beach,33.93020159,-118.4361253,6:24:00,16:51:00,Clear,58,62,0,9,2.6
112,Dockweiler State Beach,33.93020159,-118.4361253,6:25:00,16:51:00,Clear,60,59,0,10,3
112,El Segundo Beach,33.91567244,-118.4299455,6:24:00,16:51:00,Clear,58,62,0,9,2.6
112,El Segundo Beach,33.91567244,-118.4299455,6:25:00,16:51:00,Clear,60,59,0,10,3
112,El Porto Beach,33.90327605,-118.4218,7:14:00,18:00:00,Cloudy,62,66,80,12,2.3
112,El Porto Beach,33.90327605,-118.4218,6:23:00,16:52:00,Clear,61,59,0,9,1.6
112,El Porto Beach,33.90327605,-118.4218,6:27:00,16:50:00,Clear,62,59,0,5,2
112,El Porto Beach,33.90327605,-118.4218,6:24:00,16:51:00,Clear,58,62,0,9,2.6
112,El Porto Beach,33.90327605,-118.4218,6:25:00,16:51:00,Clear,60,59,0,10,3
112,Manhattan Beach County Park,33.90186877,-118.4213709,7:14:00,18:00:00,Cloudy,62,66,80,12,2.3
112,Manhattan Beach County Park,33.90186877,-118.4213709,6:23:00,16:52:00,Clear,61,59,0,9,1.6
112,Manhattan Beach County Park,33.90186877,-118.4213709,6:27:00,16:50:00,Clear,62,59,0,5,2
112,Manhattan Beach County Park,33.90186877,-118.4213709,6:24:00,16:51:00,Clear,58,62,0,9,2.6
112,Manhattan Beach County Park,33.90186877,-118.4213709,6:25:00,16:51:00,Clear,60,59,0,10,3
112,Redondo Beach State Park,33.8702527,-118.4056974,7:14:00,18:00:00,Cloudy,62,66,80,12,2.3
112,Redondo Beach State Park,33.8702527,-118.4056974,6:23:00,16:52:00,Clear,61,59,0,9,1.6
112,Redondo Beach State Park,33.8702527,-118.4056974,6:27:00,16:50:00,Clear,62,59,0,5,2
112,Redondo Beach State Park,33.8702527,-118.4056974,6:24:00,16:51:00,Clear,58,62,0,9,2.6
112,Redondo Beach State Park,33.8702527,-118.4056974,6:25:00,16:51:00,Clear,60,59,0,10,3
112,Hermosa City Beach,33.86262759,-118.4029938,7:14:00,18:00:00,Cloudy,62,66,80,12,2.3
112,Hermosa City Beach,33.86262759,-118.4029938,6:23:00,16:52:00,Clear,61,59,0,9,1.6
112,Hermosa City Beach,33.86262759,-118.4029938,6:27:00,16:50:00,Clear,62,59,0,5,2
112,Hermosa City Beach,33.86262759,-118.4029938,6:24:00,16:51:00,Clear,58,62,0,9,2.6
112,Hermosa City Beach,33.86262759,-118.4029938,6:25:00,16:51:00,Clear,60,59,0,10,3
112,Torrance County Beach,33.81375651,-118.3917316,7:14:00,18:00:00,Cloudy,62,66,80,12,2.3
112,Torrance County Beach,33.81375651,-118.3917316,6:23:00,16:52:00,Clear,61,59,0,9,1.6
112,Torrance County Beach,33.81375651,-118.3917316,6:27:00,16:50:00,Clear,62,59,0,5,2
112,Torrance County Beach,33.81375651,-118.3917316,6:24:00,16:51:00,Clear,58,62,0,9,2.6
112,Torrance County Beach,33.81375651,-118.3917316,6:25:00,16:51:00,Clear,60,59,0,10,3
112,RAT Beach,33.80419646,-118.3947961,7:14:00,18:00:00,Cloudy,62,66,80,12,2.3
112,RAT Beach,33.80419646,-118.3947961,6:23:00,16:52:00,Clear,61,59,0,9,1.6
112,RAT Beach,33.80419646,-118.3947961,6:27:00,16:50:00,Clear,62,59,0,5,2
112,RAT Beach,33.80419646,-118.3947961,6:24:00,16:51:00,Clear,58,62,0,9,2.6
112,RAT Beach,33.80419646,-118.3947961,6:25:00,16:51:00,Clear,60,59,0,10,3
112,Mother's Beach (Long Beach),33.75832864,-118.1198392,7:13:00,17:59:00,Overcast,62,67,92,12,2.6
112,Mother's Beach (Long Beach),33.75832864,-118.1198392,6:22:00,16:51:00,Clear,61,59,0,11,2
112,Mother's Beach (Long Beach),33.75832864,-118.1198392,6:25:00,16:49:00,Clear,63,59,0,19,2.3
112,Mother's Beach (Long Beach),33.75832864,-118.1198392,6:23:00,16:50:00,Partly cloudy,57,63,44,4,2.6
112,Mother's Beach (Long Beach),33.75832864,-118.1198392,6:23:00,16:50:00,Clear,61,60,0,14,3.3
112,Los Alamitos Bay (Long Beach),33.74966979,-118.1154674,7:13:00,17:59:00,Overcast,62,67,92,12,2.6
112,Los Alamitos Bay (Long Beach),33.74966979,-118.1154674,6:22:00,16:51:00,Clear,61,59,0,11,2
112,Los Alamitos Bay (Long Beach),33.74966979,-118.1154674,6:25:00,16:49:00,Clear,63,59,0,19,2.3
112,Los Alamitos Bay (Long Beach),33.74966979,-118.1154674,6:23:00,16:50:00,Partly cloudy,57,63,44,4,2.6
112,Los Alamitos Bay (Long Beach),33.74966979,-118.1154674,6:23:00,16:50:00,Clear,61,60,0,14,3.3
112,Seal Beach,33.73288587,-118.0944039,7:13:00,17:59:00,Overcast,62,67,91,9,2.3
112,Seal Beach,33.73288587,-118.0944039,6:21:00,16:51:00,Clear,61,63,0,8,1.6
112,Seal Beach,33.73288587,-118.0944039,6:25:00,16:48:00,Clear,63,59,0,22,2.3
112,Seal Beach,33.73288587,-118.0944039,6:22:00,16:50:00,Partly cloudy,57,63,53,1,2.3
112,Seal Beach,33.73288587,-118.0944039,6:23:00,16:50:00,Clear,60,60,0,9,3.3
112,Royal Palms State Beach,33.72059658,-118.3280213,7:13:00,18:00:00,Cloudy,62,66,80,12,2.3
112,Royal Palms State Beach,33.72059658,-118.3280213,6:22:00,16:52:00,Clear,61,59,0,9,1.6
112,Royal Palms State Beach,33.72059658,-118.3280213,6:26:00,16:49:00,Clear,62,59,0,5,2
112,Royal Palms State Beach,33.72059658,-118.3280213,6:23:00,16:51:00,Clear,58,62,0,9,2.6
112,Royal Palms State Beach,33.72059658,-118.3280213,6:24:00,16:50:00,Clear,60,59,0,10,3
112,Cabrillo Beach Park,33.71624105,-118.3182366,7:13:00,18:00:00,Cloudy,62,66,80,12,2.3
112,Cabrillo Beach Park,33.71624105,-118.3182366,6:22:00,16:52:00,Clear,61,59,0,9,1.6
112,Cabrillo Beach Park,33.71624105,-118.3182366,6:26:00,16:49:00,Clear,62,59,0,5,2
112,Cabrillo Beach Park,33.71624105,-118.3182366,6:23:00,16:51:00,Clear,58,62,0,9,2.6
112,Cabrillo Beach Park,33.71624105,-118.3182366,6:24:00,16:50:00,Clear,60,59,0,10,3
112,Bolsa Chica State Beach,33.69949298,-118.0506696,7:13:00,17:59:00,Overcast,62,67,91,9,2.3
112,Bolsa Chica State Beach,33.69949298,-118.0506696,6:21:00,16:51:00,Clear,61,63,0,8,1.6
112,Bolsa Chica State Beach,33.69949298,-118.0506696,6:25:00,16:48:00,Clear,63,59,0,22,2.3
112,Bolsa Chica State Beach,33.69949298,-118.0506696,6:22:00,16:50:00,Partly cloudy,57,63,53,1,2.3
112,Bolsa Chica State Beach,33.69949298,-118.0506696,6:23:00,16:50:00,Clear,60,60,0,9,3.3
112,Huntington City Beach,33.6556063,-118.0027792,7:13:00,17:59:00,Overcast,62,67,91,9,2.3
112,Huntington City Beach,33.6556063,-118.0027792,6:21:00,16:51:00,Clear,61,63,0,8,1.6
112,Huntington City Beach,33.6556063,-118.0027792,6:25:00,16:48:00,Clear,63,59,0,22,2.3
112,Huntington City Beach,33.6556063,-118.0027792,6:22:00,16:50:00,Partly cloudy,57,63,53,1,2.3
112,Huntington City Beach,33.6556063,-118.0027792,6:23:00,16:50:00,Clear,60,60,0,9,3.3
112,Huntington State Beach,33.63838381,-117.9741486,7:12:00,17:58:00,Patchy rain possible,62,67,91,9,2.3
112,Huntington State Beach,33.63838381,-117.9741486,6:21:00,16:50:00,Clear,61,63,0,8,1.6
112,Huntington State Beach,33.63838381,-117.9741486,6:24:00,16:48:00,Clear,63,59,0,22,2.3
112,Huntington State Beach,33.63838381,-117.9741486,6:21:00,16:50:00,Partly cloudy,57,63,53,1,2.3
112,Huntington State Beach,33.63838381,-117.9741486,6:22:00,16:49:00,Clear,60,60,0,9,3.3
112,Santa Ana River County Beach,33.62579683,-117.9515567,7:12:00,17:58:00,Patchy rain possible,62,67,91,9,2.3
112,Santa Ana River County Beach,33.62579683,-117.9515567,6:21:00,16:50:00,Clear,61,63,0,8,1.6
112,Santa Ana River County Beach,33.62579683,-117.9515567,6:24:00,16:48:00,Clear,63,59,0,22,2.3
112,Santa Ana River County Beach,33.62579683,-117.9515567,6:21:00,16:50:00,Partly cloudy,57,63,53,1,2.3
112,Santa Ana River County Beach,33.62579683,-117.9515567,6:22:00,16:49:00,Clear,60,60,0,9,3.3
112,Bayside Drive County Beach,33.60680874,-117.8844751,7:12:00,17:58:00,Patchy rain possible,62,67,91,9,2.3
112,Bayside Drive County Beach,33.60680874,-117.8844751,6:20:00,16:50:00,Clear,61,63,0,8,1.6
112,Bayside Drive County Beach,33.60680874,-117.8844751,6:24:00,16:48:00,Clear,63,59,0,22,2.3
112,Bayside Drive County Beach,33.60680874,-117.8844751,6:21:00,16:50:00,Partly cloudy,57,63,53,1,2.3
112,Bayside Drive County Beach,33.60680874,-117.8844751,6:22:00,16:49:00,Clear,60,60,0,9,3.3
112,Newport Municipal Beach,33.60645254,-117.9260873,7:12:00,17:58:00,Patchy rain possible,62,67,91,9,2.3
112,Newport Municipal Beach,33.60645254,-117.9260873,6:20:00,16:50:00,Clear,61,63,0,8,1.6
112,Newport Municipal Beach,33.60645254,-117.9260873,6:24:00,16:48:00,Clear,63,59,0,22,2.3
112,Newport Municipal Beach,33.60645254,-117.9260873,6:21:00,16:50:00,Partly cloudy,57,63,53,1,2.3
112,Newport Municipal Beach,33.60645254,-117.9260873,6:22:00,16:49:00,Clear,60,60,0,9,3.3
112,Balboa Beach,33.60304736,-117.9113882,7:12:00,17:58:00,Patchy rain possible,62,67,91,9,2.3
112,Balboa Beach,33.60304736,-117.9113882,6:20:00,16:50:00,Clear,61,63,0,8,1.6
112,Balboa Beach,33.60304736,-117.9113882,6:24:00,16:48:00,Clear,63,59,0,22,2.3
112,Balboa Beach,33.60304736,-117.9113882,6:21:00,16:50:00,Partly cloudy,57,63,53,1,2.3
112,Balboa Beach,33.60304736,-117.9113882,6:22:00,16:49:00,Clear,60,60,0,9,3.3
112,China Cove Beach,33.59829167,-117.880188,7:12:00,17:58:00,Patchy rain possible,62,67,91,9,2.3
112,China Cove Beach,33.59829167,-117.880188,6:20:00,16:50:00,Clear,61,63,0,8,1.6
112,China Cove Beach,33.59829167,-117.880188,6:24:00,16:48:00,Clear,63,59,0,22,2.3
112,China Cove Beach,33.59829167,-117.880188,6:21:00,16:50:00,Partly cloudy,57,63,53,1,2.3
112,China Cove Beach,33.59829167,-117.880188,6:22:00,16:49:00,Clear,60,60,0,9,3.3
112,West Jetty View Park,33.595343,-117.8830937,7:12:00,17:58:00,Patchy rain possible,62,67,91,9,2.3
112,West Jetty View Park,33.595343,-117.8830937,6:20:00,16:50:00,Clear,61,63,0,8,1.6
112,West Jetty View Park,33.595343,-117.8830937,6:24:00,16:48:00,Clear,63,59,0,22,2.3
112,West Jetty View Park,33.595343,-117.8830937,6:21:00,16:50:00,Partly cloudy,57,63,53,1,2.3
112,West Jetty View Park,33.595343,-117.8830937,6:22:00,16:49:00,Clear,60,60,0,9,3.3
112,Corona del Mar State Beach,33.59308086,-117.8765156,7:12:00,17:58:00,Patchy rain possible,62,67,91,9,2.3
112,Corona del Mar State Beach,33.59308086,-117.8765156,6:20:00,16:50:00,Clear,61,63,0,8,1.6
112,Corona del Mar State Beach,33.59308086,-117.8765156,6:24:00,16:48:00,Clear,63,59,0,22,2.3
112,Corona del Mar State Beach,33.59308086,-117.8765156,6:21:00,16:50:00,Partly cloudy,57,63,53,1,2.3
112,Corona del Mar State Beach,33.59308086,-117.8765156,6:22:00,16:49:00,Clear,60,60,0,9,3.3
112,Little Corona del Mar Beach,33.59007934,-117.8689934,7:12:00,17:58:00,Patchy rain possible,62,67,91,9,2.3
112,Little Corona del Mar Beach,33.59007934,-117.8689934,6:20:00,16:50:00,Clear,61,63,0,8,1.6
112,Little Corona del Mar Beach,33.59007934,-117.8689934,6:24:00,16:48:00,Clear,63,59,0,22,2.3
112,Little Corona del Mar Beach,33.59007934,-117.8689934,6:21:00,16:50:00,Partly cloudy,57,63,53,1,2.3
112,Little Corona del Mar Beach,33.59007934,-117.8689934,6:22:00,16:49:00,Clear,60,60,0,9,3.3
112,Crystal Cove State Park,33.57566596,-117.8412706,7:12:00,17:58:00,Patchy rain possible,62,67,91,9,2.3
112,Crystal Cove State Park,33.57566596,-117.8412706,6:20:00,16:50:00,Clear,61,63,0,8,1.6
112,Crystal Cove State Park,33.57566596,-117.8412706,6:24:00,16:48:00,Clear,63,59,0,22,2.3
112,Crystal Cove State Park,33.57566596,-117.8412706,6:21:00,16:50:00,Partly cloudy,57,63,53,1,2.3
112,Crystal Cove State Park,33.57566596,-117.8412706,6:22:00,16:49:00,Clear,60,60,0,9,3.3
112,Crescent Bay Point Park,33.54707317,-117.8038219,7:12:00,17:58:00,Patchy rain possible,62,67,91,9,2.3
112,Crescent Bay Point Park,33.54707317,-117.8038219,6:20:00,16:50:00,Clear,61,63,0,8,1.6
112,Crescent Bay Point Park,33.54707317,-117.8038219,6:24:00,16:48:00,Clear,63,59,0,22,2.3
112,Crescent Bay Point Park,33.54707317,-117.8038219,6:21:00,16:50:00,Partly cloudy,57,63,53,1,2.3
112,Crescent Bay Point Park,33.54707317,-117.8038219,6:22:00,16:49:00,Clear,60,60,0,9,3.3
112,Shaw's Cove,33.54560671,-117.7982644,7:12:00,17:58:00,Patchy rain possible,62,67,91,9,2.3
112,Shaw's Cove,33.54560671,-117.7982644,6:20:00,16:50:00,Clear,61,63,0,8,1.6
112,Shaw's Cove,33.54560671,-117.7982644,6:24:00,16:48:00,Clear,63,59,0,22,2.3
112,Shaw's Cove,33.54560671,-117.7982644,6:21:00,16:50:00,Partly cloudy,57,63,53,1,2.3
112,Shaw's Cove,33.54560671,-117.7982644,6:22:00,16:49:00,Clear,60,60,0,9,3.3
112,Diver's Cove,33.54480194,-117.7945844,7:12:00,17:58:00,Patchy rain possible,62,67,91,9,2.3
112,Diver's Cove,33.54480194,-117.7945844,6:20:00,16:50:00,Clear,61,63,0,8,1.6
112,Diver's Cove,33.54480194,-117.7945844,6:24:00,16:48:00,Clear,63,59,0,22,2.3
112,Diver's Cove,33.54480194,-117.7945844,6:21:00,16:50:00,Partly cloudy,57,63,53,1,2.3
112,Diver's Cove,33.54480194,-117.7945844,6:22:00,16:49:00,Clear,60,60,0,9,3.3
112,Picnic Beach,33.54364841,-117.7927497,7:12:00,17:58:00,Patchy rain possible,62,67,91,9,2.3
112,Picnic Beach,33.54364841,-117.7927497,6:20:00,16:50:00,Clear,61,63,0,8,1.6
112,Picnic Beach,33.54364841,-117.7927497,6:24:00,16:48:00,Clear,63,59,0,22,2.3
112,Picnic Beach,33.54364841,-117.7927497,6:21:00,16:50:00,Partly cloudy,57,63,53,1,2.3
112,Picnic Beach,33.54364841,-117.7927497,6:22:00,16:49:00,Clear,60,60,0,9,3.3
112,Rockpile Beach,33.543094,-117.7896491,7:12:00,17:58:00,Patchy rain possible,62,67,91,9,2.3
112,Rockpile Beach,33.543094,-117.7896491,6:20:00,16:50:00,Clear,61,63,0,8,1.6
112,Rockpile Beach,33.543094,-117.7896491,6:24:00,16:48:00,Clear,63,59,0,22,2.3
112,Rockpile Beach,33.543094,-117.7896491,6:21:00,16:50:00,Partly cloudy,57,63,53,1,2.3
112,Rockpile Beach,33.543094,-117.7896491,6:22:00,16:49:00,Clear,60,60,0,9,3.3
112,Laguna Beach,33.54263769,-117.7870208,7:12:00,17:58:00,Patchy rain possible,62,67,91,9,2.3
112,Laguna Beach,33.54263769,-117.7870208,6:20:00,16:50:00,Clear,61,63,0,8,1.6
112,Laguna Beach,33.54263769,-117.7870208,6:24:00,16:48:00,Clear,63,59,0,22,2.3
112,Laguna Beach,33.54263769,-117.7870208,6:21:00,16:50:00,Partly cloudy,57,63,53,1,2.3
112,Laguna Beach,33.54263769,-117.7870208,6:22:00,16:49:00,Clear,60,60,0,9,3.3
112,Main Beach,33.54256641,-117.7869133,7:12:00,17:58:00,Patchy rain possible,62,67,91,9,2.3
112,Main Beach,33.54256641,-117.7869133,6:20:00,16:50:00,Clear,61,63,0,8,1.6
112,Main Beach,33.54256641,-117.7869133,6:24:00,16:48:00,Clear,63,59,0,22,2.3
112,Main Beach,33.54256641,-117.7869133,6:21:00,16:50:00,Partly cloudy,57,63,53,1,2.3
112,Main Beach,33.54256641,-117.7869133,6:22:00,16:49:00,Clear,60,60,0,9,3.3
112,Brooks Beach,33.53275705,-117.7771038,7:11:00,17:58:00,Partly cloudy,61,67,45,8,2
112,Brooks Beach,33.53275705,-117.7771038,6:19:00,16:50:00,Clear,59,64,0,7,1.3
112,Brooks Beach,33.53275705,-117.7771038,6:23:00,16:47:00,Clear,59,63,0,11,1.6
112,Brooks Beach,33.53275705,-117.7771038,6:20:00,16:49:00,Partly cloudy,55,64,47,2,1.3
112,Brooks Beach,33.53275705,-117.7771038,6:21:00,16:49:00,Clear,59,64,0,2,2
112,Victoria Beach,33.51689843,-117.7611228,7:11:00,17:58:00,Partly cloudy,61,67,45,8,2
112,Victoria Beach,33.51689843,-117.7611228,6:19:00,16:50:00,Clear,59,64,0,7,1.3
112,Victoria Beach,33.51689843,-117.7611228,6:23:00,16:47:00,Clear,59,63,0,11,1.6
112,Victoria Beach,33.51689843,-117.7611228,6:20:00,16:49:00,Partly cloudy,55,64,47,2,1.3
112,Victoria Beach,33.51689843,-117.7611228,6:21:00,16:49:00,Clear,59,64,0,2,2
112,Aliso Creek County Beach,33.51038632,-117.7525398,7:11:00,17:58:00,Partly cloudy,61,67,45,8,2
112,Aliso Creek County Beach,33.51038632,-117.7525398,6:19:00,16:50:00,Clear,59,64,0,7,1.3
112,Aliso Creek County Beach,33.51038632,-117.7525398,6:23:00,16:47:00,Clear,59,63,0,11,1.6
112,Aliso Creek County Beach,33.51038632,-117.7525398,6:20:00,16:49:00,Partly cloudy,55,64,47,2,1.3
112,Aliso Creek County Beach,33.51038632,-117.7525398,6:21:00,16:49:00,Clear,59,64,0,2,2
112,West Street Beach,33.50595903,-117.7486526,7:11:00,17:58:00,Partly cloudy,61,67,45,8,2
112,West Street Beach,33.50595903,-117.7486526,6:19:00,16:50:00,Clear,59,64,0,7,1.3
112,West Street Beach,33.50595903,-117.7486526,6:23:00,16:47:00,Clear,59,63,0,11,1.6
112,West Street Beach,33.50595903,-117.7486526,6:20:00,16:49:00,Partly cloudy,55,64,47,2,1.3
112,West Street Beach,33.50595903,-117.7486526,6:21:00,16:49:00,Clear,59,64,0,2,2
112,"1,000 Steps Beach",33.4985416,-117.7414247,7:11:00,17:58:00,Partly cloudy,61,67,45,8,2
112,"1,000 Steps Beach",33.4985416,-117.7414247,6:19:00,16:50:00,Clear,59,64,0,7,1.3
112,"1,000 Steps Beach",33.4985416,-117.7414247,6:23:00,16:47:00,Clear,59,63,0,11,1.6
112,"1,000 Steps Beach",33.4985416,-117.7414247,6:20:00,16:49:00,Partly cloudy,55,64,47,2,1.3
112,"1,000 Steps Beach",33.4985416,-117.7414247,6:21:00,16:49:00,Clear,59,64,0,2,2
112,Long View Park,33.4809628,-117.7246712,7:11:00,17:58:00,Partly cloudy,61,67,45,8,2
112,Long View Park,33.4809628,-117.7246712,6:19:00,16:50:00,Clear,59,64,0,7,1.3
112,Long View Park,33.4809628,-117.7246712,6:23:00,16:47:00,Clear,59,63,0,11,1.6
112,Long View Park,33.4809628,-117.7246712,6:20:00,16:49:00,Partly cloudy,55,64,47,2,1.3
112,Long View Park,33.4809628,-117.7246712,6:21:00,16:49:00,Clear,59,64,0,2,2
112,Salt Creek County Beach,33.47769283,-117.7226023,7:11:00,17:58:00,Partly cloudy,61,67,45,8,2
112,Salt Creek County Beach,33.47769283,-117.7226023,6:19:00,16:50:00,Clear,59,64,0,7,1.3
112,Salt Creek County Beach,33.47769283,-117.7226023,6:23:00,16:47:00,Clear,59,63,0,11,1.6
112,Salt Creek County Beach,33.47769283,-117.7226023,6:20:00,16:49:00,Partly cloudy,55,64,47,2,1.3
112,Salt Creek County Beach,33.47769283,-117.7226023,6:21:00,16:49:00,Clear,59,64,0,2,2
112,Doheny State Beach,33.46287214,-117.6873259,7:11:00,17:58:00,Partly cloudy,61,67,45,8,2
112,Doheny State Beach,33.46287214,-117.6873259,6:19:00,16:50:00,Clear,59,64,0,7,1.3
112,Doheny State Beach,33.46287214,-117.6873259,6:23:00,16:47:00,Clear,59,63,0,11,1.6
112,Doheny State Beach,33.46287214,-117.6873259,6:20:00,16:49:00,Partly cloudy,55,64,47,2,1.3
112,Doheny State Beach,33.46287214,-117.6873259,6:21:00,16:49:00,Clear,59,64,0,2,2
112,Capistrano Beach,33.45614113,-117.6676277,7:11:00,17:58:00,Partly cloudy,61,67,45,8,2
112,Capistrano Beach,33.45614113,-117.6676277,6:19:00,16:50:00,Clear,59,64,0,7,1.3
112,Capistrano Beach,33.45614113,-117.6676277,6:23:00,16:47:00,Clear,59,63,0,11,1.6
112,Capistrano Beach,33.45614113,-117.6676277,6:20:00,16:49:00,Partly cloudy,55,64,47,2,1.3
112,Capistrano Beach,33.45614113,-117.6676277,6:21:00,16:49:00,Clear,59,64,0,2,2
112,Beach State Park,33.45460429,-117.6692246,7:11:00,17:58:00,Partly cloudy,61,67,45,8,2
112,Beach State Park,33.45460429,-117.6692246,6:19:00,16:50:00,Clear,59,64,0,7,1.3
112,Beach State Park,33.45460429,-117.6692246,6:23:00,16:47:00,Clear,59,63,0,11,1.6
112,Beach State Park,33.45460429,-117.6692246,6:20:00,16:49:00,Partly cloudy,55,64,47,2,1.3
112,Beach State Park,33.45460429,-117.6692246,6:21:00,16:49:00,Clear,59,64,0,2,2
112,Poche Beach,33.44156743,-117.64617,7:10:00,17:58:00,Partly cloudy,61,67,45,8,2
112,Poche Beach,33.44156743,-117.64617,6:19:00,16:50:00,Clear,59,64,0,7,1.3
112,Poche Beach,33.44156743,-117.64617,6:23:00,16:47:00,Clear,59,63,0,11,1.6
112,Poche Beach,33.44156743,-117.64617,6:20:00,16:49:00,Partly cloudy,55,64,47,2,1.3
112,Poche Beach,33.44156743,-117.64617,6:21:00,16:48:00,Clear,59,64,0,2,2
112,San Clemente City Beach,33.42782296,-117.6280388,7:10:00,17:58:00,Partly cloudy,61,67,45,8,2
112,San Clemente City Beach,33.42782296,-117.6280388,6:19:00,16:50:00,Clear,59,64,0,7,1.3
112,San Clemente City Beach,33.42782296,-117.6280388,6:23:00,16:47:00,Clear,59,63,0,11,1.6
112,San Clemente City Beach,33.42782296,-117.6280388,6:20:00,16:49:00,Partly cloudy,55,64,47,2,1.3
112,San Clemente City Beach,33.42782296,-117.6280388,6:21:00,16:48:00,Clear,59,64,0,2,2
112,San Clemente State Beach,33.40365884,-117.6048362,7:10:00,17:58:00,Partly cloudy,61,67,45,8,2
112,San Clemente State Beach,33.40365884,-117.6048362,6:19:00,16:50:00,Clear,59,64,0,7,1.3
112,San Clemente State Beach,33.40365884,-117.6048362,6:23:00,16:47:00,Clear,59,63,0,11,1.6
112,San Clemente State Beach,33.40365884,-117.6048362,6:20:00,16:49:00,Partly cloudy,55,64,47,2,1.3
112,San Clemente State Beach,33.40365884,-117.6048362,6:21:00,16:48:00,Clear,59,64,0,2,2
112,San Onofre State Beach,33.37388206,-117.5662879,7:10:00,17:58:00,Partly cloudy,61,67,45,8,2
112,San Onofre State Beach,33.37388206,-117.5662879,6:19:00,16:50:00,Clear,59,64,0,7,1.3
112,San Onofre State Beach,33.37388206,-117.5662879,6:20:00,16:49:00,Partly cloudy,55,64,47,2,1.3
112,San Onofre State Beach,33.37388206,-117.5662879,6:21:00,16:48:00,Clear,59,64,0,2,2
112,"Del Mar Beach, Camp Pendleton",33.22066881,-117.4072513,7:09:00,17:57:00,Patchy rain possible,62,68,70,11,2.6
112,"Del Mar Beach, Camp Pendleton",33.22066881,-117.4072513,6:18:00,16:49:00,Clear,60,64,0,4,2
112,"Del Mar Beach, Camp Pendleton",33.22066881,-117.4072513,6:21:00,16:47:00,Clear,59,63,0,10,2.6
112,"Del Mar Beach, Camp Pendleton",33.22066881,-117.4072513,6:19:00,16:48:00,Partly cloudy,56,64,53,2,2
112,"Del Mar Beach, Camp Pendleton",33.22066881,-117.4072513,6:20:00,16:48:00,Clear,59,64,0,5,3.3
112,Harbor Beach,33.20826708,-117.3992667,7:09:00,17:57:00,Patchy rain possible,62,68,70,11,2.6
112,Harbor Beach,33.20826708,-117.3992667,6:18:00,16:49:00,Clear,60,64,0,4,2
112,Harbor Beach,33.20826708,-117.3992667,6:21:00,16:47:00,Clear,59,63,0,10,2.6
112,Harbor Beach,33.20826708,-117.3992667,6:19:00,16:48:00,Partly cloudy,56,64,53,2,2
112,Harbor Beach,33.20826708,-117.3992667,6:20:00,16:48:00,Clear,59,64,0,5,3.3
112,Oceanside City Beach,33.19538512,-117.3857032,7:09:00,17:57:00,Patchy rain possible,62,68,70,11,2.6
112,Oceanside City Beach,33.19538512,-117.3857032,6:18:00,16:49:00,Clear,60,64,0,4,2
112,Oceanside City Beach,33.19538512,-117.3857032,6:21:00,16:47:00,Clear,59,63,0,10,2.6
112,Oceanside City Beach,33.19538512,-117.3857032,6:19:00,16:48:00,Partly cloudy,56,64,53,2,2
112,Oceanside City Beach,33.19538512,-117.3857032,6:20:00,16:48:00,Clear,59,64,0,5,3.3
112,"Buccaneer Beach, Oceanside",33.17851501,-117.3703371,7:09:00,17:57:00,Patchy rain possible,62,68,70,11,2.6
112,"Buccaneer Beach, Oceanside",33.17851501,-117.3703371,6:18:00,16:49:00,Clear,60,64,0,4,2
112,"Buccaneer Beach, Oceanside",33.17851501,-117.3703371,6:21:00,16:47:00,Clear,59,63,0,10,2.6
112,"Buccaneer Beach, Oceanside",33.17851501,-117.3703371,6:19:00,16:48:00,Partly cloudy,56,64,53,2,2
112,"Buccaneer Beach, Oceanside",33.17851501,-117.3703371,6:20:00,16:48:00,Clear,59,64,0,5,3.3
112,South Oceanside Beach (Cassidy Street),33.17311454,-117.3655589,7:09:00,17:57:00,Patchy rain possible,62,68,70,11,2.6
112,South Oceanside Beach (Cassidy Street),33.17311454,-117.3655589,6:18:00,16:49:00,Clear,60,64,0,4,2
112,South Oceanside Beach (Cassidy Street),33.17311454,-117.3655589,6:21:00,16:47:00,Clear,59,63,0,10,2.6
112,South Oceanside Beach (Cassidy Street),33.17311454,-117.3655589,6:19:00,16:48:00,Partly cloudy,56,64,53,2,2
112,South Oceanside Beach (Cassidy Street),33.17311454,-117.3655589,6:20:00,16:48:00,Clear,59,64,0,5,3.3
112,Saint Malo Beach,33.16615726,-117.360099,7:09:00,17:57:00,Patchy rain possible,62,68,70,11,2.6
112,Saint Malo Beach,33.16615726,-117.360099,6:18:00,16:49:00,Clear,60,64,0,4,2
112,Saint Malo Beach,33.16615726,-117.360099,6:21:00,16:47:00,Clear,59,63,0,10,2.6
112,Saint Malo Beach,33.16615726,-117.360099,6:19:00,16:48:00,Partly cloudy,56,64,53,2,2
112,Saint Malo Beach,33.16615726,-117.360099,6:20:00,16:48:00,Clear,59,64,0,5,3.3
112,Carlsbad City Beach,33.15757212,-117.3532021,7:09:00,17:57:00,Patchy rain possible,62,68,70,11,2.6
112,Carlsbad City Beach,33.15757212,-117.3532021,6:18:00,16:49:00,Clear,60,64,0,4,2
112,Carlsbad City Beach,33.15757212,-117.3532021,6:21:00,16:47:00,Clear,59,63,0,10,2.6
112,Carlsbad City Beach,33.15757212,-117.3532021,6:19:00,16:48:00,Partly cloudy,56,64,53,2,2
112,Carlsbad City Beach,33.15757212,-117.3532021,6:20:00,16:48:00,Clear,59,64,0,5,3.3
112,Carlsbad State Beach,33.15031883,-117.3487623,7:09:00,17:57:00,Patchy rain possible,62,68,70,11,2.6
112,Carlsbad State Beach,33.15031883,-117.3487623,6:18:00,16:49:00,Clear,60,64,0,4,2
112,Carlsbad State Beach,33.15031883,-117.3487623,6:21:00,16:47:00,Clear,59,63,0,10,2.6
112,Carlsbad State Beach,33.15031883,-117.3487623,6:19:00,16:48:00,Partly cloudy,56,64,53,2,2
112,Carlsbad State Beach,33.15031883,-117.3487623,6:20:00,16:48:00,Clear,59,64,0,5,3.3
112,Terra Mar Point,33.12822917,-117.3335735,7:09:00,17:57:00,Patchy rain possible,62,68,70,11,2.6
112,Terra Mar Point,33.12822917,-117.3335735,6:18:00,16:49:00,Clear,60,64,0,4,2
112,Terra Mar Point,33.12822917,-117.3335735,6:21:00,16:47:00,Clear,59,63,0,10,2.6
112,Terra Mar Point,33.12822917,-117.3335735,6:19:00,16:48:00,Partly cloudy,56,64,53,2,2
112,Terra Mar Point,33.12822917,-117.3335735,6:20:00,16:48:00,Clear,59,64,0,5,3.3
112,Ponto Beach,33.10747125,-117.3218329,7:09:00,17:57:00,Overcast,63,68,100,15,2.6
112,Ponto Beach,33.10747125,-117.3218329,6:17:00,16:49:00,Clear,61,64,0,7,2
112,Ponto Beach,33.10747125,-117.3218329,6:21:00,16:47:00,Clear,60,59,0,11,3
112,Ponto Beach,33.10747125,-117.3218329,6:18:00,16:49:00,Partly cloudy,58,64,43,5,2.3
112,Ponto Beach,33.10747125,-117.3218329,6:19:00,16:48:00,Partly cloudy,60,60,0,6,3.9
112,South Carlsbad State Beach,33.10359124,-117.3199447,7:09:00,17:57:00,Overcast,63,68,100,15,2.6
112,South Carlsbad State Beach,33.10359124,-117.3199447,6:17:00,16:49:00,Clear,61,64,0,7,2
112,South Carlsbad State Beach,33.10359124,-117.3199447,6:21:00,16:47:00,Clear,60,59,0,11,3
112,South Carlsbad State Beach,33.10359124,-117.3199447,6:18:00,16:49:00,Partly cloudy,58,64,43,5,2.3
112,South Carlsbad State Beach,33.10359124,-117.3199447,6:19:00,16:48:00,Partly cloudy,60,60,0,6,3.9
112,Grandview,33.07705649,-117.3110183,7:09:00,17:57:00,Overcast,63,68,100,15,2.6
112,Grandview,33.07705649,-117.3110183,6:17:00,16:49:00,Clear,61,64,0,7,2
112,Grandview,33.07705649,-117.3110183,6:21:00,16:47:00,Clear,60,59,0,11,3
112,Grandview,33.07705649,-117.3110183,6:18:00,16:49:00,Partly cloudy,58,64,43,5,2.3
112,Grandview,33.07705649,-117.3110183,6:19:00,16:48:00,Partly cloudy,60,60,0,6,3.9
112,Beacon's Beach,33.07691959,-117.3099082,7:09:00,17:57:00,Overcast,63,68,100,15,2.6
112,Beacon's Beach,33.07691959,-117.3099082,6:17:00,16:49:00,Clear,61,64,0,7,2
112,Beacon's Beach,33.07691959,-117.3099082,6:21:00,16:47:00,Clear,60,59,0,11,3
112,Beacon's Beach,33.07691959,-117.3099082,6:18:00,16:49:00,Partly cloudy,58,64,43,5,2.3
112,Beacon's Beach,33.07691959,-117.3099082,6:19:00,16:48:00,Partly cloudy,60,60,0,6,3.9
112,Stone Steps Beach,33.05364974,-117.3011103,7:09:00,17:57:00,Overcast,63,68,100,15,2.6
112,Stone Steps Beach,33.05364974,-117.3011103,6:17:00,16:49:00,Clear,61,64,0,7,2
112,Stone Steps Beach,33.05364974,-117.3011103,6:21:00,16:47:00,Clear,60,59,0,11,3
112,Stone Steps Beach,33.05364974,-117.3011103,6:18:00,16:49:00,Partly cloudy,58,64,43,5,2.3
112,Stone Steps Beach,33.05364974,-117.3011103,6:19:00,16:48:00,Partly cloudy,60,60,0,6,3.9
112,Moonlight Beach,33.0493509,-117.298868,7:09:00,17:57:00,Overcast,63,68,100,15,2.6
112,Moonlight Beach,33.0493509,-117.298868,6:17:00,16:49:00,Clear,61,64,0,7,2
112,Moonlight Beach,33.0493509,-117.298868,6:21:00,16:47:00,Clear,60,59,0,11,3
112,Moonlight Beach,33.0493509,-117.298868,6:18:00,16:49:00,Partly cloudy,58,64,43,5,2.3
112,Moonlight Beach,33.0493509,-117.298868,6:19:00,16:48:00,Partly cloudy,60,60,0,6,3.9
112,D Street Viewpoint,33.04570416,-117.2974281,7:09:00,17:57:00,Overcast,63,68,100,15,2.6
112,D Street Viewpoint,33.04570416,-117.2974281,6:17:00,16:49:00,Clear,61,64,0,7,2
112,D Street Viewpoint,33.04570416,-117.2974281,6:21:00,16:47:00,Clear,60,59,0,11,3
112,D Street Viewpoint,33.04570416,-117.2974281,6:18:00,16:49:00,Partly cloudy,58,64,43,5,2.3
112,D Street Viewpoint,33.04570416,-117.2974281,6:19:00,16:48:00,Partly cloudy,60,60,0,6,3.9
112,Boneyard Beach,33.04566009,-117.2974694,7:09:00,17:57:00,Overcast,63,68,100,15,2.6
112,Boneyard Beach,33.04566009,-117.2974694,6:17:00,16:49:00,Clear,61,64,0,7,2
112,Boneyard Beach,33.04566009,-117.2974694,6:21:00,16:47:00,Clear,60,59,0,11,3
112,Boneyard Beach,33.04566009,-117.2974694,6:18:00,16:49:00,Partly cloudy,58,64,43,5,2.3
112,Boneyard Beach,33.04566009,-117.2974694,6:19:00,16:48:00,Partly cloudy,60,60,0,6,3.9
112,Swamis,33.03502813,-117.2929205,7:09:00,17:57:00,Overcast,63,68,100,15,2.6
112,Swamis,33.03502813,-117.2929205,6:17:00,16:49:00,Clear,61,64,0,7,2
112,Swamis,33.03502813,-117.2929205,6:21:00,16:47:00,Clear,60,59,0,11,3
112,Swamis,33.03502813,-117.2929205,6:18:00,16:49:00,Partly cloudy,58,64,43,5,2.3
112,Swamis,33.03502813,-117.2929205,6:19:00,16:48:00,Partly cloudy,60,60,0,6,3.9
112,San Elijo State Beach,33.02257902,-117.2842516,7:09:00,17:57:00,Overcast,63,68,100,15,2.6
112,San Elijo State Beach,33.02257902,-117.2842516,6:17:00,16:49:00,Clear,61,64,0,7,2
112,San Elijo State Beach,33.02257902,-117.2842516,6:21:00,16:47:00,Clear,60,59,0,11,3
112,San Elijo State Beach,33.02257902,-117.2842516,6:18:00,16:49:00,Partly cloudy,58,64,43,5,2.3
112,San Elijo State Beach,33.02257902,-117.2842516,6:19:00,16:48:00,Partly cloudy,60,60,0,6,3.9
112,Cardiff State Beach,33.01050606,-117.27963,7:09:00,17:57:00,Overcast,63,68,100,15,2.6
112,Cardiff State Beach,33.01050606,-117.27963,6:17:00,16:49:00,Clear,61,64,0,7,2
112,Cardiff State Beach,33.01050606,-117.27963,6:21:00,16:47:00,Clear,60,59,0,11,3
112,Cardiff State Beach,33.01050606,-117.27963,6:18:00,16:49:00,Partly cloudy,58,64,43,5,2.3
112,Cardiff State Beach,33.01050606,-117.27963,6:19:00,16:48:00,Partly cloudy,60,60,0,6,3.9
112,Tide Beach Park,32.99686572,-117.2764543,7:09:00,17:57:00,Overcast,63,68,100,15,2.6
112,Tide Beach Park,32.99686572,-117.2764543,6:17:00,16:49:00,Clear,61,64,0,7,2
112,Tide Beach Park,32.99686572,-117.2764543,6:21:00,16:47:00,Clear,60,59,0,11,3
112,Tide Beach Park,32.99686572,-117.2764543,6:18:00,16:49:00,Partly cloudy,58,64,43,5,2.3
112,Tide Beach Park,32.99686572,-117.2764543,6:19:00,16:48:00,Partly cloudy,60,60,0,6,3.9
112,Fletcher Cove Park,32.99089067,-117.2752956,7:09:00,17:57:00,Overcast,63,68,100,15,2.6
112,Fletcher Cove Park,32.99089067,-117.2752956,6:17:00,16:49:00,Clear,61,64,0,7,2
112,Fletcher Cove Park,32.99089067,-117.2752956,6:21:00,16:47:00,Clear,60,59,0,11,3
112,Fletcher Cove Park,32.99089067,-117.2752956,6:18:00,16:49:00,Partly cloudy,58,64,43,5,2.3
112,Fletcher Cove Park,32.99089067,-117.2752956,6:19:00,16:48:00,Partly cloudy,60,60,0,6,3.9
112,Seascape Surf,32.98567586,-117.2729118,7:09:00,17:57:00,Overcast,63,68,100,15,2.6
112,Seascape Surf,32.98567586,-117.2729118,6:17:00,16:49:00,Clear,61,64,0,7,2
112,Seascape Surf,32.98567586,-117.2729118,6:21:00,16:47:00,Clear,60,59,0,11,3
112,Seascape Surf,32.98567586,-117.2729118,6:18:00,16:49:00,Partly cloudy,58,64,43,5,2.3
112,Seascape Surf,32.98567586,-117.2729118,6:19:00,16:48:00,Partly cloudy,60,60,0,6,3.9
112,Del Mar City Beach,32.97695929,-117.269502,7:09:00,17:57:00,Overcast,63,68,100,15,2.6
112,Del Mar City Beach,32.97695929,-117.269502,6:17:00,16:49:00,Clear,61,64,0,7,2
112,Del Mar City Beach,32.97695929,-117.269502,6:21:00,16:47:00,Clear,60,59,0,11,3
112,Del Mar City Beach,32.97695929,-117.269502,6:18:00,16:49:00,Partly cloudy,58,64,43,5,2.3
112,Del Mar City Beach,32.97695929,-117.269502,6:19:00,16:48:00,Partly cloudy,60,60,0,6,3.9
112,Torrey Pines State Beach,32.93778126,-117.2617343,7:08:00,17:57:00,Patchy rain possible,62,67,71,11,2.6
112,Torrey Pines State Beach,32.93778126,-117.2617343,6:17:00,16:49:00,Clear,60,64,0,4,2
112,Torrey Pines State Beach,32.93778126,-117.2617343,6:20:00,16:47:00,Clear,60,59,0,7,2.6
112,Torrey Pines State Beach,32.93778126,-117.2617343,6:18:00,16:49:00,Partly cloudy,58,63,55,6,2
112,Torrey Pines State Beach,32.93778126,-117.2617343,6:18:00,16:48:00,Partly cloudy,59,60,1,8,3.6
112,Black's Beach,32.89147257,-117.2559886,7:08:00,17:57:00,Patchy rain possible,62,67,71,11,2.6
112,Black's Beach,32.89147257,-117.2559886,6:17:00,16:49:00,Clear,60,64,0,4,2
112,Black's Beach,32.89147257,-117.2559886,6:20:00,16:47:00,Clear,60,59,0,7,2.6
112,Black's Beach,32.89147257,-117.2559886,6:18:00,16:49:00,Partly cloudy,58,63,55,6,2
112,Black's Beach,32.89147257,-117.2559886,6:18:00,16:48:00,Partly cloudy,59,60,1,8,3.6
112,La Jolla Shores,32.88563453,-117.2535424,7:08:00,17:57:00,Patchy rain possible,62,67,71,11,2.6
112,La Jolla Shores,32.88563453,-117.2535424,6:17:00,16:49:00,Clear,60,64,0,4,2
112,La Jolla Shores,32.88563453,-117.2535424,6:20:00,16:47:00,Clear,60,59,0,7,2.6
112,La Jolla Shores,32.88563453,-117.2535424,6:18:00,16:49:00,Partly cloudy,58,63,55,6,2
112,La Jolla Shores,32.88563453,-117.2535424,6:18:00,16:48:00,Partly cloudy,59,60,1,8,3.6
112,La Jolla Strand Park,32.86158261,-117.2560868,7:08:00,17:57:00,Patchy rain possible,62,67,71,11,2.6
112,La Jolla Strand Park,32.86158261,-117.2560868,6:17:00,16:49:00,Clear,60,64,0,4,2
112,La Jolla Strand Park,32.86158261,-117.2560868,6:20:00,16:47:00,Clear,60,59,0,7,2.6
112,La Jolla Strand Park,32.86158261,-117.2560868,6:18:00,16:49:00,Partly cloudy,58,63,55,6,2
112,La Jolla Strand Park,32.86158261,-117.2560868,6:18:00,16:48:00,Partly cloudy,59,60,1,8,3.6
112,La Jolla Cove,32.85038249,-117.2730244,7:08:00,17:57:00,Patchy rain possible,62,67,71,11,2.6
112,La Jolla Cove,32.85038249,-117.2730244,6:17:00,16:49:00,Clear,60,64,0,4,2
112,La Jolla Cove,32.85038249,-117.2730244,6:20:00,16:47:00,Clear,60,59,0,7,2.6
112,La Jolla Cove,32.85038249,-117.2730244,6:18:00,16:49:00,Partly cloudy,58,63,55,6,2
112,La Jolla Cove,32.85038249,-117.2730244,6:18:00,16:48:00,Partly cloudy,59,60,1,8,3.6
112,Children's Pool Beach,32.84769091,-117.2781184,7:08:00,17:57:00,Patchy rain possible,62,67,71,11,2.6
112,Children's Pool Beach,32.84769091,-117.2781184,6:17:00,16:49:00,Clear,60,64,0,4,2
112,Children's Pool Beach,32.84769091,-117.2781184,6:20:00,16:47:00,Clear,60,59,0,7,2.6
112,Children's Pool Beach,32.84769091,-117.2781184,6:18:00,16:49:00,Partly cloudy,58,63,55,6,2
112,Children's Pool Beach,32.84769091,-117.2781184,6:18:00,16:48:00,Partly cloudy,59,60,1,8,3.6
112,Marine Street Beach,32.83785649,-117.2816841,7:08:00,17:57:00,Patchy rain possible,62,67,71,11,2.6
112,Marine Street Beach,32.83785649,-117.2816841,6:17:00,16:49:00,Clear,60,64,0,4,2
112,Marine Street Beach,32.83785649,-117.2816841,6:20:00,16:47:00,Clear,60,59,0,7,2.6
112,Marine Street Beach,32.83785649,-117.2816841,6:18:00,16:49:00,Partly cloudy,58,63,55,6,2
112,Marine Street Beach,32.83785649,-117.2816841,6:18:00,16:48:00,Partly cloudy,59,60,1,8,3.6
112,Windansea Beach,32.83123002,-117.2813634,7:08:00,17:57:00,Patchy rain possible,62,67,71,11,2.6
112,Windansea Beach,32.83123002,-117.2813634,6:17:00,16:49:00,Clear,60,64,0,4,2
112,Windansea Beach,32.83123002,-117.2813634,6:20:00,16:47:00,Clear,60,59,0,7,2.6
112,Windansea Beach,32.83123002,-117.2813634,6:18:00,16:49:00,Partly cloudy,58,63,55,6,2
112,Windansea Beach,32.83123002,-117.2813634,6:18:00,16:48:00,Partly cloudy,59,60,1,8,3.6
112,Tourmaline Surfing Park,32.80545903,-117.2625367,7:08:00,17:57:00,Patchy rain possible,62,67,76,11,2.6
112,Tourmaline Surfing Park,32.80545903,-117.2625367,6:16:00,16:49:00,Clear,60,64,0,4,2
112,Tourmaline Surfing Park,32.80545903,-117.2625367,6:20:00,16:47:00,Clear,60,59,0,7,2.6
112,Tourmaline Surfing Park,32.80545903,-117.2625367,6:17:00,16:49:00,Partly cloudy,58,63,55,6,2
112,Tourmaline Surfing Park,32.80545903,-117.2625367,6:18:00,16:48:00,Partly cloudy,59,60,1,8,3.6
112,Pacific Beach,32.79393428,-117.2568115,7:08:00,17:57:00,Patchy rain possible,62,67,76,11,2.6
112,Pacific Beach,32.79393428,-117.2568115,6:16:00,16:49:00,Clear,60,64,0,4,2
112,Pacific Beach,32.79393428,-117.2568115,6:20:00,16:47:00,Clear,60,59,0,7,2.6
112,Pacific Beach,32.79393428,-117.2568115,6:17:00,16:49:00,Partly cloudy,58,63,55,6,2
112,Pacific Beach,32.79393428,-117.2568115,6:18:00,16:48:00,Partly cloudy,59,60,1,8,3.6
112,Mission Beach,32.77304026,-117.25171,7:08:00,17:57:00,Patchy rain possible,62,67,76,11,2.6
112,Mission Beach,32.77304026,-117.25171,6:16:00,16:49:00,Clear,60,64,0,4,2
112,Mission Beach,32.77304026,-117.25171,6:20:00,16:47:00,Clear,60,59,0,7,2.6
112,Mission Beach,32.77304026,-117.25171,6:17:00,16:49:00,Partly cloudy,58,63,55,6,2
112,Mission Beach,32.77304026,-117.25171,6:18:00,16:48:00,Partly cloudy,59,60,1,8,3.6
112,Ocean Beach City Beach,32.74163262,-117.2544577,7:08:00,17:57:00,Patchy rain possible,62,67,76,11,2.6
112,Ocean Beach City Beach,32.74163262,-117.2544577,6:16:00,16:49:00,Clear,60,64,0,4,2
112,Ocean Beach City Beach,32.74163262,-117.2544577,6:20:00,16:47:00,Clear,60,59,0,7,2.6
112,Ocean Beach City Beach,32.74163262,-117.2544577,6:17:00,16:49:00,Partly cloudy,58,63,55,6,2
112,Ocean Beach City Beach,32.74163262,-117.2544577,6:18:00,16:48:00,Partly cloudy,59,60,1,8,3.6
112,Coronado Municipal Beach,32.68946424,-117.1868348,7:07:00,17:57:00,Patchy rain possible,62,67,76,12,3
112,Coronado Municipal Beach,32.68946424,-117.1868348,6:16:00,16:49:00,Clear,61,63,0,5,2.3
112,Coronado Municipal Beach,32.68946424,-117.1868348,6:20:00,16:47:00,Clear,61,58,0,6,3.3
112,Coronado Municipal Beach,32.68946424,-117.1868348,6:17:00,16:49:00,Cloudy,58,63,72,6,2.3
112,Coronado Municipal Beach,32.68946424,-117.1868348,6:18:00,16:48:00,Partly cloudy,60,59,2,11,4.6
112,Silver Strand State Beach,32.63466425,-117.1419929,7:07:00,17:57:00,Patchy rain possible,62,67,73,12,3
112,Silver Strand State Beach,32.63466425,-117.1419929,6:16:00,16:49:00,Clear,61,63,0,5,2.3
112,Silver Strand State Beach,32.63466425,-117.1419929,6:19:00,16:47:00,Clear,61,58,0,6,3.3
112,Silver Strand State Beach,32.63466425,-117.1419929,6:16:00,16:48:00,Cloudy,58,63,72,6,2.3
112,Silver Strand State Beach,32.63466425,-117.1419929,6:17:00,16:48:00,Partly cloudy,60,59,2,11,4.6
112,Imperial Beach,32.57583119,-117.1265769,7:07:00,17:57:00,Patchy rain possible,62,67,73,12,3
112,Imperial Beach,32.57583119,-117.1265769,6:16:00,16:49:00,Clear,61,63,0,5,2.3
112,Imperial Beach,32.57583119,-117.1265769,6:19:00,16:47:00,Clear,61,58,0,6,3.3
112,Imperial Beach,32.57583119,-117.1265769,6:16:00,16:48:00,Cloudy,58,63,72,6,2.3
112,Imperial Beach,32.57583119,-117.1265769,6:17:00,16:48:00,Partly cloudy,60,59,2,11,4.6